file,image,group,id0,id1,id2,id3,id4,id5,id5_boxes_covering_60pct
Image_1000_resized.txt,Image_1000_resized.jpg,paper_order,1,13,4,0,0,2,0
Image_1001_resized.txt,Image_1001_resized.jpg,paper_order,1,6,0,0,0,5,0
Image_1002_resized.txt,Image_1002_resized.jpg,paper_order,1,0,0,0,0,3,0
Image_1003_resized.txt,Image_1003_resized.jpg,paper_order,1,9,0,2,0,25,0
Image_1004_resized.txt,Image_1004_resized.jpg,paper_order,1,0,0,6,0,52,0
Image_1005_resized.txt,Image_1005_resized.jpg,paper_order,1,7,0,1,0,34,0
Image_1006_resized.txt,Image_1006_resized.jpg,paper_order,1,3,0,0,0,26,0
Image_1007_resized.txt,Image_1007_resized.jpg,paper_order,1,2,0,0,0,33,0
Image_1008_resized.txt,Image_1008_resized.jpg,paper_order,1,16,0,3,0,29,0
Image_1009_resized.txt,Image_1009_resized.jpg,paper_order,1,10,0,2,0,3,0
Image_100_resized.txt,Image_100_resized.jpg,paper_order,1,2,0,2,21,2,0
Image_1010_resized.txt,Image_1010_resized.jpg,paper_order,1,21,0,4,0,9,0
Image_1011_resized.txt,Image_1011_resized.jpg,paper_order,1,9,0,3,0,5,0
Image_1012_resized.txt,Image_1012_resized.jpg,paper_order,1,8,0,1,0,37,0
Image_1013_resized.txt,Image_1013_resized.jpg,paper_order,1,10,0,8,0,18,0
Image_1014_resized.txt,Image_1014_resized.jpg,paper_order,1,4,0,0,0,26,0
Image_1015_resized.txt,Image_1015_resized.jpg,paper_order,1,9,0,0,0,4,0
Image_1016_resized.txt,Image_1016_resized.jpg,paper_order,1,3,0,1,0,26,0
Image_1017_resized.txt,Image_1017_resized.jpg,paper_order,1,0,0,3,2,38,0
Image_1018_resized.txt,Image_1018_resized.jpg,paper_order,1,0,0,2,1,34,0
Image_1019_resized.txt,Image_1019_resized.jpg,paper_order,1,2,0,3,1,18,0
Image_101_resized.txt,Image_101_resized.jpg,paper_order,1,7,1,12,7,19,0
Image_1020_resized.txt,Image_1020_resized.jpg,paper_order,1,5,0,0,0,14,0
Image_1021_resized.txt,Image_1021_resized.jpg,paper_order,1,16,0,10,0,34,0
Image_1022_resized.txt,Image_1022_resized.jpg,paper_order,1,4,0,3,0,32,0
Image_1023_resized.txt,Image_1023_resized.jpg,paper_order,1,0,0,4,0,13,0
Image_1024_resized.txt,Image_1024_resized.jpg,paper_order,1,17,0,2,0,11,0
Image_1025_resized.txt,Image_1025_resized.jpg,paper_order,1,2,0,2,0,3,0
Image_1026_resized.txt,Image_1026_resized.jpg,paper_order,1,16,0,3,0,3,0
Image_1027_resized.txt,Image_1027_resized.jpg,paper_order,1,15,0,4,0,3,0
Image_1028_resized.txt,Image_1028_resized.jpg,paper_order,1,2,0,2,0,2,0
Image_1029_resized.txt,Image_1029_resized.jpg,paper_order,1,5,0,1,0,2,0
Image_102_resized.txt,Image_102_resized.jpg,paper_order,1,9,0,2,10,2,0
Image_1030_resized.txt,Image_1030_resized.jpg,paper_order,1,14,0,0,2,3,0
Image_1031_resized.txt,Image_1031_resized.jpg,paper_order,1,8,3,0,0,2,0
Image_1032_resized.txt,Image_1032_resized.jpg,paper_order,1,8,1,0,0,2,0
Image_1033_resized.txt,Image_1033_resized.jpg,paper_order,1,14,7,0,0,1,0
Image_1034_resized.txt,Image_1034_resized.jpg,paper_order,1,7,2,0,0,2,0
Image_1035_resized.txt,Image_1035_resized.jpg,paper_order,1,23,18,0,0,1,0
Image_1036_resized.txt,Image_1036_resized.jpg,paper_order,1,19,13,0,0,0,0
Image_1037_resized.txt,Image_1037_resized.jpg,paper_order,1,33,13,0,0,5,0
Image_1038_resized.txt,Image_1038_resized.jpg,paper_order,1,25,7,0,0,0,0
Image_1039_resized.txt,Image_1039_resized.jpg,paper_order,1,29,0,0,0,4,0
Image_103_resized.txt,Image_103_resized.jpg,paper_order,1,4,0,2,9,7,0
Image_1040_resized.txt,Image_1040_resized.jpg,paper_order,1,16,6,0,0,0,0
Image_1041_resized.txt,Image_1041_resized.jpg,paper_order,1,31,10,0,0,1,0
Image_1042_resized.txt,Image_1042_resized.jpg,paper_order,1,12,11,0,0,3,0
Image_1043_resized.txt,Image_1043_resized.jpg,paper_order,1,6,13,0,0,15,0
Image_1044_resized.txt,Image_1044_resized.jpg,paper_order,1,5,9,0,0,9,0
Image_1045_resized.txt,Image_1045_resized.jpg,paper_order,1,2,1,0,1,7,0
Image_1046_resized.txt,Image_1046_resized.jpg,paper_order,1,4,0,0,0,1,0
Image_1047_resized.txt,Image_1047_resized.jpg,paper_order,1,5,2,0,0,1,0
Image_1048_resized.txt,Image_1048_resized.jpg,paper_order,1,8,2,0,0,5,0
Image_1049_resized.txt,Image_1049_resized.jpg,paper_order,1,6,1,0,0,3,0
Image_104_resized.txt,Image_104_resized.jpg,paper_order,1,0,0,0,6,9,0
Image_1050_resized.txt,Image_1050_resized.jpg,paper_order,1,11,1,0,0,5,0
Image_1051_resized.txt,Image_1051_resized.jpg,paper_order,1,8,5,0,0,0,0
Image_1052_resized.txt,Image_1052_resized.jpg,paper_order,1,5,7,0,0,2,0
Image_1053_resized.txt,Image_1053_resized.jpg,paper_order,1,5,2,0,0,1,0
Image_1054_resized.txt,Image_1054_resized.jpg,paper_order,1,21,13,0,0,34,0
Image_1055_resized.txt,Image_1055_resized.jpg,paper_order,1,21,12,0,0,25,0
Image_1056_resized.txt,Image_1056_resized.jpg,paper_order,1,34,10,0,0,15,0
Image_1057_resized.txt,Image_1057_resized.jpg,paper_order,1,43,19,0,0,14,0
Image_1058_resized.txt,Image_1058_resized.jpg,paper_order,1,15,8,0,0,25,0
Image_1059_resized.txt,Image_1059_resized.jpg,paper_order,1,35,28,0,0,2,0
Image_105_resized.txt,Image_105_resized.jpg,paper_order,1,1,0,1,9,4,0
Image_1060_resized.txt,Image_1060_resized.jpg,paper_order,1,42,24,0,0,19,0
Image_1061_resized.txt,Image_1061_resized.jpg,paper_order,1,34,24,0,0,10,0
Image_1062_resized.txt,Image_1062_resized.jpg,paper_order,1,36,33,0,0,18,0
Image_1063_resized.txt,Image_1063_resized.jpg,paper_order,2,24,21,0,0,21,0
Image_1064_resized.txt,Image_1064_resized.jpg,paper_order,1,21,20,0,1,17,0
Image_1065_resized.txt,Image_1065_resized.jpg,paper_order,1,21,15,0,0,15,0
Image_1066_resized.txt,Image_1066_resized.jpg,paper_order,1,8,0,0,0,7,0
Image_1067_resized.txt,Image_1067_resized.jpg,paper_order,1,10,1,0,0,3,0
Image_1068_resized.txt,Image_1068_resized.jpg,paper_order,1,22,13,0,0,5,0
Image_1069_resized.txt,Image_1069_resized.jpg,paper_order,1,18,19,0,0,6,0
Image_106_resized.txt,Image_106_resized.jpg,paper_order,1,0,0,1,8,4,0
Image_1070_resized.txt,Image_1070_resized.jpg,paper_order,1,8,5,0,0,7,0
Image_1071_resized.txt,Image_1071_resized.jpg,paper_order,1,19,8,0,0,7,0
Image_1072_resized.txt,Image_1072_resized.jpg,paper_order,1,12,3,0,0,5,0
Image_1073_resized.txt,Image_1073_resized.jpg,paper_order,1,20,4,0,0,9,0
Image_1074_resized.txt,Image_1074_resized.jpg,paper_order,1,12,13,0,0,9,0
Image_1075_resized.txt,Image_1075_resized.jpg,paper_order,1,13,10,0,0,13,0
Image_1076_resized.txt,Image_1076_resized.jpg,paper_order,1,23,15,0,0,12,0
Image_1077_resized.txt,Image_1077_resized.jpg,paper_order,1,28,17,0,0,20,0
Image_1078_resized.txt,Image_1078_resized.jpg,paper_order,1,14,8,0,0,21,0
Image_1079_resized.txt,Image_1079_resized.jpg,paper_order,1,0,0,0,0,5,0
Image_107_resized.txt,Image_107_resized.jpg,paper_order,1,4,0,4,4,8,0
Image_1080_resized.txt,Image_1080_resized.jpg,paper_order,1,16,3,0,0,12,0
Image_1081_resized.txt,Image_1081_resized.jpg,paper_order,1,0,0,0,0,4,0
Image_1082_resized.txt,Image_1082_resized.jpg,paper_order,1,18,2,0,0,17,0
Image_1083_resized.txt,Image_1083_resized.jpg,paper_order,1,5,3,0,0,10,0
Image_1084_resized.txt,Image_1084_resized.jpg,paper_order,1,8,5,0,0,6,0
Image_1085_resized.txt,Image_1085_resized.jpg,paper_order,1,13,4,1,0,15,0
Image_1086_resized.txt,Image_1086_resized.jpg,paper_order,1,9,6,0,0,7,0
Image_1087_resized.txt,Image_1087_resized.jpg,paper_order,1,6,0,0,0,9,0
Image_1088_resized.txt,Image_1088_resized.jpg,paper_order,4,1,0,0,0,4,0
Image_1089_resized.txt,Image_1089_resized.jpg,paper_order,1,0,0,0,0,8,0
Image_108_resized.txt,Image_108_resized.jpg,paper_order,1,0,0,0,3,15,0
Image_1090_resized.txt,Image_1090_resized.jpg,paper_order,1,0,0,0,0,8,0
Image_1091_resized.txt,Image_1091_resized.jpg,paper_order,1,0,0,0,0,5,0
Image_1092_resized.txt,Image_1092_resized.jpg,paper_order,1,0,0,0,0,14,0
Image_1093_resized.txt,Image_1093_resized.jpg,paper_order,1,5,0,0,0,12,0
Image_1094_resized.txt,Image_1094_resized.jpg,paper_order,1,0,0,0,0,13,0
Image_1095_resized.txt,Image_1095_resized.jpg,paper_order,1,2,0,0,0,9,0
Image_1096_resized.txt,Image_1096_resized.jpg,paper_order,1,3,0,0,0,6,0
Image_1097_resized.txt,Image_1097_resized.jpg,paper_order,0,9,0,0,0,6,0
Image_1098_resized.txt,Image_1098_resized.jpg,paper_order,0,6,0,0,0,13,0
Image_1099_resized.txt,Image_1099_resized.jpg,paper_order,1,6,0,0,0,5,0
Image_109_resized.txt,Image_109_resized.jpg,paper_order,1,3,0,1,0,12,0
Image_10_resized.txt,Image_10_resized.jpg,paper_order,1,22,0,67,20,18,0
Image_1100_resized.txt,Image_1100_resized.jpg,paper_order,1,5,0,0,0,19,0
Image_1101_resized.txt,Image_1101_resized.jpg,paper_order,1,14,5,0,0,6,0
Image_1102_resized.txt,Image_1102_resized.jpg,paper_order,1,5,0,0,0,10,0
Image_1103_resized.txt,Image_1103_resized.jpg,paper_order,1,13,11,0,0,18,0
Image_1104_resized.txt,Image_1104_resized.jpg,paper_order,1,10,0,0,0,13,0
Image_1105_resized.txt,Image_1105_resized.jpg,paper_order,1,7,0,0,0,29,0
Image_1106_resized.txt,Image_1106_resized.jpg,paper_order,1,3,0,0,0,14,0
Image_1107_resized.txt,Image_1107_resized.jpg,paper_order,1,8,0,0,0,21,0
Image_1108_resized.txt,Image_1108_resized.jpg,paper_order,1,4,0,0,0,5,0
Image_1109_resized.txt,Image_1109_resized.jpg,paper_order,1,5,0,0,0,10,0
Image_110_resized.txt,Image_110_resized.jpg,paper_order,1,0,0,6,6,49,0
Image_1110_resized.txt,Image_1110_resized.jpg,paper_order,0,10,0,0,0,3,0
Image_1111_resized.txt,Image_1111_resized.jpg,paper_order,1,5,9,0,0,3,0
Image_1112_resized.txt,Image_1112_resized.jpg,paper_order,1,1,0,0,0,2,0
Image_1113_resized.txt,Image_1113_resized.jpg,paper_order,1,1,1,0,0,8,0
Image_1114_resized.txt,Image_1114_resized.jpg,paper_order,1,1,0,0,0,16,0
Image_1115_resized.txt,Image_1115_resized.jpg,paper_order,1,6,1,0,0,5,0
Image_1116_resized.txt,Image_1116_resized.jpg,paper_order,1,0,0,0,0,10,0
Image_1117_resized.txt,Image_1117_resized.jpg,paper_order,1,5,0,0,0,6,0
Image_1118_resized.txt,Image_1118_resized.jpg,paper_order,2,10,0,0,0,8,0
Image_1119_resized.txt,Image_1119_resized.jpg,paper_order,1,5,0,0,0,7,0
Image_111_resized.txt,Image_111_resized.jpg,paper_order,1,0,0,7,4,19,0
Image_1120_resized.txt,Image_1120_resized.jpg,paper_order,1,1,0,0,0,15,0
Image_1121_resized.txt,Image_1121_resized.jpg,paper_order,1,15,17,0,0,0,0
Image_1122_resized.txt,Image_1122_resized.jpg,paper_order,1,7,1,0,0,3,0
Image_1123_resized.txt,Image_1123_resized.jpg,paper_order,1,15,11,0,0,4,0
Image_1124_resized.txt,Image_1124_resized.jpg,paper_order,1,11,4,0,0,9,0
Image_1125_resized.txt,Image_1125_resized.jpg,paper_order,1,7,2,0,0,12,0
Image_1126_resized.txt,Image_1126_resized.jpg,paper_order,1,0,0,0,0,5,0
Image_1127_resized.txt,Image_1127_resized.jpg,paper_order,1,6,6,0,0,2,0
Image_1128_resized.txt,Image_1128_resized.jpg,paper_order,1,8,4,2,0,18,0
Image_1129_resized.txt,Image_1129_resized.jpg,paper_order,1,5,1,0,0,14,0
Image_112_resized.txt,Image_112_resized.jpg,paper_order,1,0,0,5,4,38,0
Image_1130_resized.txt,Image_1130_resized.jpg,paper_order,1,45,2,0,0,39,0
Image_1131_resized.txt,Image_1131_resized.jpg,paper_order,1,12,3,0,0,9,0
Image_1132_resized.txt,Image_1132_resized.jpg,paper_order,1,6,9,6,2,36,0
Image_1133_resized.txt,Image_1133_resized.jpg,paper_order,1,14,2,0,0,6,0
Image_1134_resized.txt,Image_1134_resized.jpg,paper_order,1,0,0,3,1,32,0
Image_1135_resized.txt,Image_1135_resized.jpg,paper_order,1,3,1,0,0,3,0
Image_1136_resized.txt,Image_1136_resized.jpg,paper_order,1,25,0,1,0,22,0
Image_1137_resized.txt,Image_1137_resized.jpg,paper_order,1,20,6,0,0,5,0
Image_1138_resized.txt,Image_1138_resized.jpg,paper_order,1,9,0,12,0,11,0
Image_1139_resized.txt,Image_1139_resized.jpg,paper_order,1,25,0,0,0,5,0
Image_113_resized.txt,Image_113_resized.jpg,paper_order,1,1,0,4,3,14,0
Image_1140_resized.txt,Image_1140_resized.jpg,paper_order,1,0,0,1,0,29,0
Image_1141_resized.txt,Image_1141_resized.jpg,paper_order,1,6,0,0,0,7,0
Image_1142_resized.txt,Image_1142_resized.jpg,paper_order,1,8,0,3,0,36,0
Image_1143_resized.txt,Image_1143_resized.jpg,paper_order,1,12,1,0,0,7,0
Image_1144_resized.txt,Image_1144_resized.jpg,paper_order,1,0,0,0,0,10,0
Image_1145_resized.txt,Image_1145_resized.jpg,paper_order,1,0,0,0,0,11,0
Image_1146_resized.txt,Image_1146_resized.jpg,paper_order,1,15,0,0,0,19,0
Image_1147_resized.txt,Image_1147_resized.jpg,paper_order,1,12,0,0,0,2,0
Image_1148_resized.txt,Image_1148_resized.jpg,paper_order,1,15,0,4,0,10,0
Image_1149_resized.txt,Image_1149_resized.jpg,paper_order,1,1,8,0,0,8,0
Image_114_resized.txt,Image_114_resized.jpg,paper_order,1,2,0,4,7,15,0
Image_1150_resized.txt,Image_1150_resized.jpg,paper_order,1,18,0,0,0,26,0
Image_1151_resized.txt,Image_1151_resized.jpg,paper_order,1,0,0,0,0,9,0
Image_1152_resized.txt,Image_1152_resized.jpg,paper_order,1,8,0,0,0,17,0
Image_1153_resized.txt,Image_1153_resized.jpg,paper_order,1,2,0,0,0,2,0
Image_1154_resized.txt,Image_1154_resized.jpg,paper_order,1,6,0,1,0,16,0
Image_1155_resized.txt,Image_1155_resized.jpg,paper_order,1,9,9,0,0,4,0
Image_1156_resized.txt,Image_1156_resized.jpg,paper_order,1,15,0,1,0,35,0
Image_1157_resized.txt,Image_1157_resized.jpg,paper_order,1,15,5,1,0,8,0
Image_1158_resized.txt,Image_1158_resized.jpg,paper_order,1,7,0,0,0,17,0
Image_1159_resized.txt,Image_1159_resized.jpg,paper_order,1,7,1,0,0,5,0
Image_115_resized.txt,Image_115_resized.jpg,paper_order,1,0,0,3,5,13,0
Image_1160_resized.txt,Image_1160_resized.jpg,paper_order,1,17,2,0,0,41,0
Image_1161_resized.txt,Image_1161_resized.jpg,paper_order,1,6,0,0,0,4,0
Image_1162_resized.txt,Image_1162_resized.jpg,paper_order,1,17,0,0,0,44,0
Image_1163_resized.txt,Image_1163_resized.jpg,paper_order,1,9,3,3,0,9,0
Image_1164_resized.txt,Image_1164_resized.jpg,paper_order,1,3,0,1,0,66,0
Image_1165_resized.txt,Image_1165_resized.jpg,paper_order,1,3,0,0,0,10,0
Image_1166_resized.txt,Image_1166_resized.jpg,paper_order,1,30,6,0,0,14,0
Image_1167_resized.txt,Image_1167_resized.jpg,paper_order,1,11,0,0,0,41,0
Image_1168_resized.txt,Image_1168_resized.jpg,paper_order,1,19,6,0,0,13,0
Image_1169_resized.txt,Image_1169_resized.jpg,paper_order,1,2,0,0,0,11,0
Image_116_resized.txt,Image_116_resized.jpg,paper_order,1,2,1,3,5,4,0
Image_1170_resized.txt,Image_1170_resized.jpg,paper_order,1,28,2,0,0,8,0
Image_1171_resized.txt,Image_1171_resized.jpg,paper_order,1,21,0,0,0,7,0
Image_1172_resized.txt,Image_1172_resized.jpg,paper_order,1,14,6,0,0,12,0
Image_1173_resized.txt,Image_1173_resized.jpg,paper_order,1,16,0,0,0,40,0
Image_1174_resized.txt,Image_1174_resized.jpg,paper_order,1,25,0,0,0,21,0
Image_1175_resized.txt,Image_1175_resized.jpg,paper_order,1,34,1,0,0,36,0
Image_1176_resized.txt,Image_1176_resized.jpg,paper_order,1,33,0,0,0,15,0
Image_1177_resized.txt,Image_1177_resized.jpg,paper_order,1,13,5,0,0,30,0
Image_1178_resized.txt,Image_1178_resized.jpg,paper_order,1,9,0,0,0,4,0
Image_1179_resized.txt,Image_1179_resized.jpg,paper_order,1,17,11,0,0,29,0
Image_117_resized.txt,Image_117_resized.jpg,paper_order,1,13,0,1,6,5,0
Image_1180_resized.txt,Image_1180_resized.jpg,paper_order,1,1,0,0,0,8,0
Image_1181_resized.txt,Image_1181_resized.jpg,paper_order,1,14,3,0,0,35,0
Image_1182_resized.txt,Image_1182_resized.jpg,paper_order,1,26,0,0,0,45,0
Image_1183_resized.txt,Image_1183_resized.jpg,paper_order,1,14,0,0,0,31,0
Image_1184_resized.txt,Image_1184_resized.jpg,paper_order,1,17,0,0,0,31,0
Image_1185_resized.txt,Image_1185_resized.jpg,paper_order,1,9,4,0,0,25,0
Image_1186_resized.txt,Image_1186_resized.jpg,paper_order,1,5,0,0,0,38,0
Image_1187_resized.txt,Image_1187_resized.jpg,paper_order,1,18,0,1,0,37,0
Image_1188_resized.txt,Image_1188_resized.jpg,paper_order,1,2,1,0,0,17,0
Image_1189_resized.txt,Image_1189_resized.jpg,paper_order,1,23,6,0,0,26,0
Image_118_resized.txt,Image_118_resized.jpg,paper_order,1,12,0,3,3,7,0
Image_1190_resized.txt,Image_1190_resized.jpg,paper_order,1,9,0,0,0,14,0
Image_1191_resized.txt,Image_1191_resized.jpg,paper_order,1,35,4,1,0,31,0
Image_1192_resized.txt,Image_1192_resized.jpg,paper_order,1,28,4,0,0,60,0
Image_1193_resized.txt,Image_1193_resized.jpg,paper_order,1,16,0,0,0,48,0
Image_1194_resized.txt,Image_1194_resized.jpg,paper_order,1,19,0,0,0,14,0
Image_1195_resized.txt,Image_1195_resized.jpg,paper_order,1,12,6,0,0,22,0
Image_1196_resized.txt,Image_1196_resized.jpg,paper_order,1,14,0,0,0,20,0
Image_1197_resized.txt,Image_1197_resized.jpg,paper_order,1,12,0,0,0,17,0
Image_1198_resized.txt,Image_1198_resized.jpg,paper_order,1,2,0,0,0,27,0
Image_1199_resized.txt,Image_1199_resized.jpg,paper_order,0,5,2,0,0,33,0
Image_119_resized.txt,Image_119_resized.jpg,paper_order,1,2,0,1,2,5,0
Image_11_resized.txt,Image_11_resized.jpg,paper_order,1,56,25,57,22,4,0
Image_1200_resized.txt,Image_1200_resized.jpg,paper_order,1,9,0,0,0,34,0
Image_1201_resized.txt,Image_1201_resized.jpg,paper_order,1,19,5,0,0,51,0
Image_1202_resized.txt,Image_1202_resized.jpg,paper_order,1,19,0,0,0,37,0
Image_1203_resized.txt,Image_1203_resized.jpg,paper_order,1,26,25,0,0,7,0
Image_1204_resized.txt,Image_1204_resized.jpg,paper_order,1,32,10,0,0,15,0
Image_1205_resized.txt,Image_1205_resized.jpg,paper_order,1,16,11,0,0,1,0
Image_1206_resized.txt,Image_1206_resized.jpg,paper_order,1,38,4,0,0,28,0
Image_1207_resized.txt,Image_1207_resized.jpg,paper_order,1,10,7,0,0,1,0
Image_1208_resized.txt,Image_1208_resized.jpg,paper_order,1,19,8,0,0,43,0
Image_1209_resized.txt,Image_1209_resized.jpg,paper_order,1,3,0,0,0,6,0
Image_120_resized.txt,Image_120_resized.jpg,paper_order,1,7,0,1,0,11,0
Image_1210_resized.txt,Image_1210_resized.jpg,paper_order,1,4,1,0,0,12,0
Image_1211_resized.txt,Image_1211_resized.jpg,paper_order,1,9,0,0,1,1,0
Image_1212_resized.txt,Image_1212_resized.jpg,paper_order,1,6,0,0,0,21,0
Image_1213_resized.txt,Image_1213_resized.jpg,paper_order,1,5,0,0,0,4,0
Image_1214_resized.txt,Image_1214_resized.jpg,paper_order,1,29,3,0,0,34,0
Image_1215_resized.txt,Image_1215_resized.jpg,paper_order,1,4,3,0,0,6,0
Image_1216_resized.txt,Image_1216_resized.jpg,paper_order,1,16,0,0,0,36,0
Image_1217_resized.txt,Image_1217_resized.jpg,paper_order,1,6,0,0,0,5,0
Image_1218_resized.txt,Image_1218_resized.jpg,paper_order,1,0,0,0,0,15,0
Image_1219_resized.txt,Image_1219_resized.jpg,paper_order,1,38,14,0,0,12,0
Image_121_resized.txt,Image_121_resized.jpg,paper_order,1,6,0,3,1,5,0
Image_1220_resized.txt,Image_1220_resized.jpg,paper_order,1,1,2,0,0,31,0
Image_1221_resized.txt,Image_1221_resized.jpg,paper_order,1,27,3,0,0,11,0
Image_1222_resized.txt,Image_1222_resized.jpg,paper_order,1,14,0,0,0,38,0
Image_1223_resized.txt,Image_1223_resized.jpg,paper_order,1,19,3,0,0,23,0
Image_1224_resized.txt,Image_1224_resized.jpg,paper_order,1,0,0,0,0,15,0
Image_1225_resized.txt,Image_1225_resized.jpg,paper_order,1,7,0,0,0,34,0
Image_1226_resized.txt,Image_1226_resized.jpg,paper_order,1,10,8,3,0,18,0
Image_1227_resized.txt,Image_1227_resized.jpg,paper_order,1,11,0,0,0,21,0
Image_1228_resized.txt,Image_1228_resized.jpg,paper_order,1,7,1,0,0,24,0
Image_1229_resized.txt,Image_1229_resized.jpg,paper_order,1,13,0,0,0,15,0
Image_122_resized.txt,Image_122_resized.jpg,paper_order,1,4,0,3,3,5,0
Image_1230_resized.txt,Image_1230_resized.jpg,paper_order,1,35,0,2,0,31,0
Image_1231_resized.txt,Image_1231_resized.jpg,paper_order,1,6,0,0,0,22,0
Image_1232_resized.txt,Image_1232_resized.jpg,paper_order,1,12,0,0,0,31,0
Image_1233_resized.txt,Image_1233_resized.jpg,paper_order,1,0,0,0,0,8,0
Image_1234_resized.txt,Image_1234_resized.jpg,paper_order,1,22,0,0,0,30,0
Image_1235_resized.txt,Image_1235_resized.jpg,paper_order,1,9,6,0,0,13,0
Image_1236_resized.txt,Image_1236_resized.jpg,paper_order,1,6,0,0,0,33,0
Image_1237_resized.txt,Image_1237_resized.jpg,paper_order,1,13,0,0,0,25,0
Image_1238_resized.txt,Image_1238_resized.jpg,paper_order,1,42,0,0,0,13,0
Image_1239_resized.txt,Image_1239_resized.jpg,paper_order,1,14,0,0,0,24,0
Image_123_resized.txt,Image_123_resized.jpg,paper_order,1,7,0,5,3,8,0
Image_1240_resized.txt,Image_1240_resized.jpg,paper_order,1,18,0,0,0,24,0
Image_1241_resized.txt,Image_1241_resized.jpg,paper_order,1,22,2,0,0,16,0
Image_1242_resized.txt,Image_1242_resized.jpg,paper_order,1,14,0,0,0,36,0
Image_1243_resized.txt,Image_1243_resized.jpg,paper_order,1,19,4,0,0,69,0
Image_1244_resized.txt,Image_1244_resized.jpg,paper_order,1,22,0,0,0,68,0
Image_1245_resized.txt,Image_1245_resized.jpg,paper_order,1,34,6,0,0,75,0
Image_1246_resized.txt,Image_1246_resized.jpg,paper_order,1,27,0,0,0,30,0
Image_1247_resized.txt,Image_1247_resized.jpg,paper_order,1,18,1,0,0,36,0
Image_1248_resized.txt,Image_1248_resized.jpg,paper_order,1,0,0,0,1,19,0
Image_1249_resized.txt,Image_1249_resized.jpg,paper_order,1,24,0,0,0,31,0
Image_124_resized.txt,Image_124_resized.jpg,paper_order,1,4,0,1,4,3,0
Image_1250_resized.txt,Image_1250_resized.jpg,paper_order,1,0,0,6,0,21,0
Image_1251_resized.txt,Image_1251_resized.jpg,paper_order,1,42,0,0,0,67,0
Image_1252_resized.txt,Image_1252_resized.jpg,paper_order,1,0,0,1,0,11,0
Image_1253_resized.txt,Image_1253_resized.jpg,paper_order,1,4,21,0,0,3,0
Image_1254_resized.txt,Image_1254_resized.jpg,paper_order,1,0,0,1,0,27,0
Image_1255_resized.txt,Image_1255_resized.jpg,paper_order,1,4,11,0,0,0,0
Image_1256_resized.txt,Image_1256_resized.jpg,paper_order,1,7,0,0,0,18,0
Image_1257_resized.txt,Image_1257_resized.jpg,paper_order,1,5,0,0,0,13,0
Image_1258_resized.txt,Image_1258_resized.jpg,paper_order,1,12,18,0,0,3,0
Image_1259_resized.txt,Image_1259_resized.jpg,paper_order,1,19,2,0,0,18,0
Image_125_resized.txt,Image_125_resized.jpg,paper_order,1,7,0,3,3,15,0
Image_1260_resized.txt,Image_1260_resized.jpg,paper_order,1,7,7,0,0,2,0
Image_1261_resized.txt,Image_1261_resized.jpg,paper_order,1,5,0,0,0,12,0
Image_1262_resized.txt,Image_1262_resized.jpg,paper_order,1,11,9,0,0,5,0
Image_1263_resized.txt,Image_1263_resized.jpg,paper_order,1,0,0,0,0,23,0
Image_1264_resized.txt,Image_1264_resized.jpg,paper_order,1,17,42,0,0,9,0
Image_1265_resized.txt,Image_1265_resized.jpg,paper_order,1,5,0,0,0,20,0
Image_1266_resized.txt,Image_1266_resized.jpg,paper_order,1,8,30,0,0,10,0
Image_1267_resized.txt,Image_1267_resized.jpg,paper_order,1,6,1,1,0,8,0
Image_1268_resized.txt,Image_1268_resized.jpg,paper_order,2,5,32,0,0,5,0
Image_1269_resized.txt,Image_1269_resized.jpg,paper_order,1,3,0,0,0,3,0
Image_126_resized.txt,Image_126_resized.jpg,paper_order,1,1,0,0,4,6,0
Image_1270_resized.txt,Image_1270_resized.jpg,paper_order,1,14,12,0,0,8,0
Image_1271_resized.txt,Image_1271_resized.jpg,paper_order,1,10,0,0,0,6,0
Image_1272_resized.txt,Image_1272_resized.jpg,paper_order,1,17,8,0,0,8,0
Image_1273_resized.txt,Image_1273_resized.jpg,paper_order,1,8,0,0,0,19,0
Image_1274_resized.txt,Image_1274_resized.jpg,paper_order,1,14,13,0,0,8,0
Image_1275_resized.txt,Image_1275_resized.jpg,paper_order,1,10,0,0,0,20,0
Image_1276_resized.txt,Image_1276_resized.jpg,paper_order,1,4,3,0,0,11,0
Image_1277_resized.txt,Image_1277_resized.jpg,paper_order,1,3,0,1,1,14,0
Image_1278_resized.txt,Image_1278_resized.jpg,paper_order,1,3,15,0,0,17,0
Image_1279_resized.txt,Image_1279_resized.jpg,paper_order,1,4,0,0,1,6,0
Image_127_resized.txt,Image_127_resized.jpg,paper_order,1,2,0,1,2,5,0
Image_1280_resized.txt,Image_1280_resized.jpg,paper_order,1,9,2,0,10,0,0
Image_1281_resized.txt,Image_1281_resized.jpg,paper_order,1,29,1,0,5,9,0
Image_1282_resized.txt,Image_1282_resized.jpg,paper_order,1,9,0,0,11,0,0
Image_1283_resized.txt,Image_1283_resized.jpg,paper_order,1,14,0,0,0,2,0
Image_1284_resized.txt,Image_1284_resized.jpg,paper_order,1,8,0,0,24,0,0
Image_1285_resized.txt,Image_1285_resized.jpg,paper_order,1,46,0,0,7,18,0
Image_1286_resized.txt,Image_1286_resized.jpg,paper_order,1,7,0,0,13,0,0
Image_1287_resized.txt,Image_1287_resized.jpg,paper_order,1,39,0,0,0,14,0
Image_1288_resized.txt,Image_1288_resized.jpg,paper_order,1,3,0,0,5,0,0
Image_1289_resized.txt,Image_1289_resized.jpg,paper_order,1,25,4,0,0,0,0
Image_128_resized.txt,Image_128_resized.jpg,paper_order,1,9,1,2,4,5,0
Image_1290_resized.txt,Image_1290_resized.jpg,paper_order,1,14,0,0,0,11,0
Image_1291_resized.txt,Image_1291_resized.jpg,paper_order,1,22,0,0,0,21,0
Image_1292_resized.txt,Image_1292_resized.jpg,paper_order,1,0,0,0,0,12,0
Image_1293_resized.txt,Image_1293_resized.jpg,paper_order,1,18,0,0,0,15,0
Image_1294_resized.txt,Image_1294_resized.jpg,paper_order,1,10,0,2,0,9,0
Image_1295_resized.txt,Image_1295_resized.jpg,paper_order,1,9,1,0,0,19,0
Image_1296_resized.txt,Image_1296_resized.jpg,paper_order,1,22,0,0,0,11,0
Image_1297_resized.txt,Image_1297_resized.jpg,paper_order,1,19,1,0,0,24,0
Image_1298_resized.txt,Image_1298_resized.jpg,paper_order,1,2,0,0,0,10,0
Image_1299_resized.txt,Image_1299_resized.jpg,paper_order,1,5,0,0,0,33,0
Image_129_resized.txt,Image_129_resized.jpg,paper_order,1,11,2,2,8,6,0
Image_12_resized.txt,Image_12_resized.jpg,paper_order,1,31,22,43,21,7,0
Image_1300_resized.txt,Image_1300_resized.jpg,paper_order,1,0,0,0,0,6,0
Image_1301_resized.txt,Image_1301_resized.jpg,paper_order,1,17,0,0,6,4,0
Image_1302_resized.txt,Image_1302_resized.jpg,paper_order,1,24,0,1,0,6,0
Image_1303_resized.txt,Image_1303_resized.jpg,paper_order,1,24,0,0,15,6,0
Image_1304_resized.txt,Image_1304_resized.jpg,paper_order,1,26,0,3,0,4,0
Image_1305_resized.txt,Image_1305_resized.jpg,paper_order,1,21,0,0,11,12,0
Image_1306_resized.txt,Image_1306_resized.jpg,paper_order,1,21,0,2,0,10,0
Image_1307_resized.txt,Image_1307_resized.jpg,paper_order,1,16,0,0,6,5,0
Image_1308_resized.txt,Image_1308_resized.jpg,paper_order,1,13,0,3,0,7,0
Image_1309_resized.txt,Image_1309_resized.jpg,paper_order,1,4,0,0,1,4,0
Image_130_resized.txt,Image_130_resized.jpg,paper_order,1,1,0,2,0,13,0
Image_1310_resized.txt,Image_1310_resized.jpg,paper_order,1,9,0,0,7,8,0
Image_1311_resized.txt,Image_1311_resized.jpg,paper_order,1,10,0,1,0,8,0
Image_1312_resized.txt,Image_1312_resized.jpg,paper_order,1,17,0,1,7,9,0
Image_1313_resized.txt,Image_1313_resized.jpg,paper_order,1,9,0,4,0,5,0
Image_1314_resized.txt,Image_1314_resized.jpg,paper_order,1,20,0,0,5,13,0
Image_1315_resized.txt,Image_1315_resized.jpg,paper_order,1,28,0,2,0,6,0
Image_1316_resized.txt,Image_1316_resized.jpg,paper_order,1,11,0,0,6,5,0
Image_1317_resized.txt,Image_1317_resized.jpg,paper_order,1,10,0,0,0,3,0
Image_1318_resized.txt,Image_1318_resized.jpg,paper_order,1,14,0,0,3,7,0
Image_1319_resized.txt,Image_1319_resized.jpg,paper_order,1,15,0,1,0,3,0
Image_131_resized.txt,Image_131_resized.jpg,paper_order,1,2,0,0,3,24,0
Image_1320_resized.txt,Image_1320_resized.jpg,paper_order,1,12,0,0,3,7,0
Image_1321_resized.txt,Image_1321_resized.jpg,paper_order,1,6,0,0,0,4,0
Image_1322_resized.txt,Image_1322_resized.jpg,paper_order,1,9,0,0,1,5,0
Image_1323_resized.txt,Image_1323_resized.jpg,paper_order,1,9,0,0,0,6,0
Image_1324_resized.txt,Image_1324_resized.jpg,paper_order,1,10,0,0,0,10,0
Image_1325_resized.txt,Image_1325_resized.jpg,paper_order,1,7,0,0,0,6,0
Image_1326_resized.txt,Image_1326_resized.jpg,paper_order,1,17,0,0,6,8,0
Image_1327_resized.txt,Image_1327_resized.jpg,paper_order,1,4,0,0,2,10,0
Image_1328_resized.txt,Image_1328_resized.jpg,paper_order,1,4,0,0,1,1,0
Image_1329_resized.txt,Image_1329_resized.jpg,paper_order,1,2,0,2,0,4,0
Image_132_resized.txt,Image_132_resized.jpg,paper_order,1,2,0,1,4,22,0
Image_1330_resized.txt,Image_1330_resized.jpg,paper_order,1,6,0,0,10,1,0
Image_1331_resized.txt,Image_1331_resized.jpg,paper_order,1,12,0,0,0,14,0
Image_1332_resized.txt,Image_1332_resized.jpg,paper_order,1,1,0,0,3,3,0
Image_1333_resized.txt,Image_1333_resized.jpg,paper_order,1,16,0,0,1,12,0
Image_1334_resized.txt,Image_1334_resized.jpg,paper_order,1,9,0,0,0,2,0
Image_1335_resized.txt,Image_1335_resized.jpg,paper_order,1,0,0,1,0,1,0
Image_1336_resized.txt,Image_1336_resized.jpg,paper_order,1,11,0,1,3,5,0
Image_1337_resized.txt,Image_1337_resized.jpg,paper_order,1,15,0,0,8,10,0
Image_1338_resized.txt,Image_1338_resized.jpg,paper_order,1,19,0,0,3,13,0
Image_1339_resized.txt,Image_1339_resized.jpg,paper_order,1,13,0,0,4,18,0
Image_133_resized.txt,Image_133_resized.jpg,paper_order,1,30,0,0,7,9,0
Image_1340_resized.txt,Image_1340_resized.jpg,paper_order,1,18,0,0,0,4,0
Image_1341_resized.txt,Image_1341_resized.jpg,paper_order,1,52,0,0,15,27,0
Image_1342_resized.txt,Image_1342_resized.jpg,paper_order,1,15,0,0,3,8,0
Image_1343_resized.txt,Image_1343_resized.jpg,paper_order,1,6,0,0,1,18,0
Image_1344_resized.txt,Image_1344_resized.jpg,paper_order,1,15,0,0,2,8,0
Image_1345_resized.txt,Image_1345_resized.jpg,paper_order,1,38,0,0,11,14,0
Image_1346_resized.txt,Image_1346_resized.jpg,paper_order,1,31,0,1,7,7,0
Image_1347_resized.txt,Image_1347_resized.jpg,paper_order,1,3,0,0,0,6,0
Image_1348_resized.txt,Image_1348_resized.jpg,paper_order,1,18,0,0,4,2,0
Image_1349_resized.txt,Image_1349_resized.jpg,paper_order,1,10,0,0,0,12,0
Image_134_resized.txt,Image_134_resized.jpg,paper_order,0,16,0,0,4,1,0
Image_1350_resized.txt,Image_1350_resized.jpg,paper_order,1,24,0,0,6,5,0
Image_1351_resized.txt,Image_1351_resized.jpg,paper_order,1,16,0,0,0,11,0
Image_1352_resized.txt,Image_1352_resized.jpg,paper_order,1,43,0,6,5,2,0
Image_1353_resized.txt,Image_1353_resized.jpg,paper_order,1,2,0,0,0,27,0
Image_1354_resized.txt,Image_1354_resized.jpg,paper_order,1,40,0,4,6,2,0
Image_1355_resized.txt,Image_1355_resized.jpg,paper_order,1,3,0,0,0,5,0
Image_1356_resized.txt,Image_1356_resized.jpg,paper_order,1,24,0,0,5,2,0
Image_1357_resized.txt,Image_1357_resized.jpg,paper_order,1,7,0,0,16,18,0
Image_1358_resized.txt,Image_1358_resized.jpg,paper_order,1,16,0,0,0,2,0
Image_1359_resized.txt,Image_1359_resized.jpg,paper_order,1,0,0,0,0,9,0
Image_135_resized.txt,Image_135_resized.jpg,paper_order,1,8,3,1,7,3,0
Image_1360_resized.txt,Image_1360_resized.jpg,paper_order,1,4,0,0,6,7,0
Image_1361_resized.txt,Image_1361_resized.jpg,paper_order,1,0,0,0,0,3,0
Image_1362_resized.txt,Image_1362_resized.jpg,paper_order,1,8,0,0,8,3,0
Image_1363_resized.txt,Image_1363_resized.jpg,paper_order,1,16,0,0,0,13,0
Image_1364_resized.txt,Image_1364_resized.jpg,paper_order,1,18,0,0,17,3,0
Image_1365_resized.txt,Image_1365_resized.jpg,paper_order,1,18,0,0,0,4,0
Image_1366_resized.txt,Image_1366_resized.jpg,paper_order,1,16,0,0,13,0,0
Image_1367_resized.txt,Image_1367_resized.jpg,paper_order,1,24,0,0,1,8,0
Image_1368_resized.txt,Image_1368_resized.jpg,paper_order,1,19,0,0,17,2,0
Image_1369_resized.txt,Image_1369_resized.jpg,paper_order,1,7,0,0,0,8,0
Image_136_resized.txt,Image_136_resized.jpg,paper_order,1,9,0,2,7,2,0
Image_1370_resized.txt,Image_1370_resized.jpg,paper_order,1,2,0,0,10,0,0
Image_1371_resized.txt,Image_1371_resized.jpg,paper_order,1,19,0,0,0,13,0
Image_1372_resized.txt,Image_1372_resized.jpg,paper_order,1,7,0,0,7,6,0
Image_1373_resized.txt,Image_1373_resized.jpg,paper_order,1,6,0,0,0,7,0
Image_1374_resized.txt,Image_1374_resized.jpg,paper_order,1,1,0,0,2,4,0
Image_1375_resized.txt,Image_1375_resized.jpg,paper_order,1,25,0,0,0,6,0
Image_1376_resized.txt,Image_1376_resized.jpg,paper_order,1,21,0,0,3,6,0
Image_1377_resized.txt,Image_1377_resized.jpg,paper_order,1,18,0,0,0,14,0
Image_1378_resized.txt,Image_1378_resized.jpg,paper_order,1,12,0,1,2,8,0
Image_1379_resized.txt,Image_1379_resized.jpg,paper_order,1,31,0,0,0,7,0
Image_137_resized.txt,Image_137_resized.jpg,paper_order,1,2,1,1,0,0,0
Image_1380_resized.txt,Image_1380_resized.jpg,paper_order,1,25,0,0,12,3,0
Image_1381_resized.txt,Image_1381_resized.jpg,paper_order,1,0,1,0,0,9,0
Image_1382_resized.txt,Image_1382_resized.jpg,paper_order,1,23,0,0,0,5,0
Image_1383_resized.txt,Image_1383_resized.jpg,paper_order,1,0,0,0,0,0,0
Image_1384_resized.txt,Image_1384_resized.jpg,paper_order,1,7,0,0,2,4,0
Image_1385_resized.txt,Image_1385_resized.jpg,paper_order,1,10,0,0,0,17,0
Image_1386_resized.txt,Image_1386_resized.jpg,paper_order,1,7,0,0,3,1,0
Image_1387_resized.txt,Image_1387_resized.jpg,paper_order,1,5,0,0,0,18,0
Image_1388_resized.txt,Image_1388_resized.jpg,paper_order,1,2,0,0,1,18,0
Image_1389_resized.txt,Image_1389_resized.jpg,paper_order,1,22,0,0,9,4,0
Image_138_resized.txt,Image_138_resized.jpg,paper_order,1,8,1,3,3,6,0
Image_1390_resized.txt,Image_1390_resized.jpg,paper_order,1,23,0,0,0,15,0
Image_1391_resized.txt,Image_1391_resized.jpg,paper_order,1,8,0,0,1,8,0
Image_1392_resized.txt,Image_1392_resized.jpg,paper_order,1,4,1,1,0,0,0
Image_1393_resized.txt,Image_1393_resized.jpg,paper_order,1,5,0,0,3,9,0
Image_1394_resized.txt,Image_1394_resized.jpg,paper_order,1,5,1,0,0,9,0
Image_1395_resized.txt,Image_1395_resized.jpg,paper_order,1,12,0,0,8,11,0
Image_1396_resized.txt,Image_1396_resized.jpg,paper_order,1,0,2,0,0,10,0
Image_1397_resized.txt,Image_1397_resized.jpg,paper_order,1,17,0,0,11,20,0
Image_1398_resized.txt,Image_1398_resized.jpg,paper_order,1,1,0,1,0,20,0
Image_1399_resized.txt,Image_1399_resized.jpg,paper_order,1,11,0,0,5,17,0
Image_139_resized.txt,Image_139_resized.jpg,paper_order,1,1,0,2,1,4,0
Image_13_resized.txt,Image_13_resized.jpg,paper_order,1,2,9,9,9,1,0
Image_1400_resized.txt,Image_1400_resized.jpg,paper_order,1,1,0,0,0,4,0
Image_1401_resized.txt,Image_1401_resized.jpg,paper_order,1,18,0,0,12,13,0
Image_1402_resized.txt,Image_1402_resized.jpg,paper_order,1,12,0,0,3,11,0
Image_1403_resized.txt,Image_1403_resized.jpg,paper_order,1,13,0,0,4,10,0
Image_1404_resized.txt,Image_1404_resized.jpg,paper_order,1,3,0,0,0,10,0
Image_1405_resized.txt,Image_1405_resized.jpg,paper_order,1,21,0,0,4,3,0
Image_1406_resized.txt,Image_1406_resized.jpg,paper_order,1,13,0,0,4,13,0
Image_1407_resized.txt,Image_1407_resized.jpg,paper_order,1,12,0,0,4,10,0
Image_1408_resized.txt,Image_1408_resized.jpg,paper_order,1,4,0,0,2,6,0
Image_1409_resized.txt,Image_1409_resized.jpg,paper_order,1,14,0,0,0,12,0
Image_140_resized.txt,Image_140_resized.jpg,paper_order,1,4,0,0,5,5,0
Image_1410_resized.txt,Image_1410_resized.jpg,paper_order,1,13,0,0,2,20,0
Image_1411_resized.txt,Image_1411_resized.jpg,paper_order,1,24,0,0,3,10,0
Image_1412_resized.txt,Image_1412_resized.jpg,paper_order,1,14,0,0,0,9,0
Image_1413_resized.txt,Image_1413_resized.jpg,paper_order,1,0,1,4,0,14,0
Image_1414_resized.txt,Image_1414_resized.jpg,paper_order,1,6,0,0,0,10,0
Image_1415_resized.txt,Image_1415_resized.jpg,paper_order,1,5,0,0,2,5,0
Image_1416_resized.txt,Image_1416_resized.jpg,paper_order,1,8,0,0,0,6,0
Image_1417_resized.txt,Image_1417_resized.jpg,paper_order,1,0,1,0,3,19,0
Image_1418_resized.txt,Image_1418_resized.jpg,paper_order,1,17,0,0,4,4,0
Image_1419_resized.txt,Image_1419_resized.jpg,paper_order,1,43,0,0,18,5,0
Image_141_resized.txt,Image_141_resized.jpg,paper_order,1,0,1,1,1,4,0
Image_1420_resized.txt,Image_1420_resized.jpg,paper_order,1,2,0,0,0,3,0
Image_1421_resized.txt,Image_1421_resized.jpg,paper_order,1,28,0,0,7,8,0
Image_1422_resized.txt,Image_1422_resized.jpg,paper_order,1,7,0,0,0,16,0
Image_1423_resized.txt,Image_1423_resized.jpg,paper_order,1,2,0,0,0,6,0
Image_1424_resized.txt,Image_1424_resized.jpg,paper_order,1,9,0,2,0,8,0
Image_1425_resized.txt,Image_1425_resized.jpg,paper_order,1,11,0,0,7,9,0
Image_1426_resized.txt,Image_1426_resized.jpg,paper_order,1,8,0,7,0,18,0
Image_1427_resized.txt,Image_1427_resized.jpg,paper_order,1,13,0,0,3,10,0
Image_1428_resized.txt,Image_1428_resized.jpg,paper_order,1,0,0,0,0,15,0
Image_1429_resized.txt,Image_1429_resized.jpg,paper_order,1,15,0,0,4,15,0
Image_142_resized.txt,Image_142_resized.jpg,paper_order,1,2,1,0,1,2,0
Image_1430_resized.txt,Image_1430_resized.jpg,paper_order,1,0,0,3,0,21,0
Image_1431_resized.txt,Image_1431_resized.jpg,paper_order,1,7,0,0,0,17,0
Image_1432_resized.txt,Image_1432_resized.jpg,paper_order,1,21,0,2,0,12,0
Image_1433_resized.txt,Image_1433_resized.jpg,paper_order,1,6,0,0,4,13,0
Image_1434_resized.txt,Image_1434_resized.jpg,paper_order,1,0,0,0,0,20,0
Image_1435_resized.txt,Image_1435_resized.jpg,paper_order,1,21,0,0,8,6,0
Image_1436_resized.txt,Image_1436_resized.jpg,paper_order,1,0,0,0,0,18,0
Image_1437_resized.txt,Image_1437_resized.jpg,paper_order,1,3,0,3,0,12,0
Image_1438_resized.txt,Image_1438_resized.jpg,paper_order,1,3,0,0,3,14,0
Image_1439_resized.txt,Image_1439_resized.jpg,paper_order,1,0,0,3,0,5,0
Image_143_resized.txt,Image_143_resized.jpg,paper_order,1,2,2,0,1,2,0
Image_1440_resized.txt,Image_1440_resized.jpg,paper_order,1,35,0,0,5,23,0
Image_1441_resized.txt,Image_1441_resized.jpg,paper_order,1,6,0,3,0,26,0
Image_1442_resized.txt,Image_1442_resized.jpg,paper_order,1,0,0,0,0,9,0
Image_1443_resized.txt,Image_1443_resized.jpg,paper_order,1,36,0,0,26,5,0
Image_1444_resized.txt,Image_1444_resized.jpg,paper_order,1,3,0,6,0,6,0
Image_1445_resized.txt,Image_1445_resized.jpg,paper_order,1,33,0,0,24,1,0
Image_1446_resized.txt,Image_1446_resized.jpg,paper_order,1,17,0,5,0,13,0
Image_1447_resized.txt,Image_1447_resized.jpg,paper_order,1,16,0,0,29,6,0
Image_1448_resized.txt,Image_1448_resized.jpg,paper_order,1,4,0,0,0,12,0
Image_1449_resized.txt,Image_1449_resized.jpg,paper_order,1,38,0,0,4,7,0
Image_144_resized.txt,Image_144_resized.jpg,paper_order,1,0,1,5,0,15,0
Image_1450_resized.txt,Image_1450_resized.jpg,paper_order,1,3,0,0,0,6,0
Image_1451_resized.txt,Image_1451_resized.jpg,paper_order,1,40,0,0,13,7,0
Image_1452_resized.txt,Image_1452_resized.jpg,paper_order,1,5,2,0,0,6,0
Image_1453_resized.txt,Image_1453_resized.jpg,paper_order,1,20,0,0,19,10,0
Image_1454_resized.txt,Image_1454_resized.jpg,paper_order,1,27,0,0,5,24,0
Image_1455_resized.txt,Image_1455_resized.jpg,paper_order,1,29,0,0,21,12,0
Image_1456_resized.txt,Image_1456_resized.jpg,paper_order,1,16,1,0,6,25,0
Image_1457_resized.txt,Image_1457_resized.jpg,paper_order,1,0,0,0,0,0,0
Image_1458_resized.txt,Image_1458_resized.jpg,paper_order,1,0,0,0,0,0,0
Image_1459_resized.txt,Image_1459_resized.jpg,paper_order,1,8,0,0,3,2,0
Image_145_resized.txt,Image_145_resized.jpg,paper_order,1,0,2,5,2,16,0
Image_1460_resized.txt,Image_1460_resized.jpg,paper_order,1,14,0,0,3,8,0
Image_1461_resized.txt,Image_1461_resized.jpg,paper_order,1,3,0,0,1,11,0
Image_1462_resized.txt,Image_1462_resized.jpg,paper_order,1,8,0,0,11,9,0
Image_1463_resized.txt,Image_1463_resized.jpg,paper_order,1,5,0,0,0,11,0
Image_1464_resized.txt,Image_1464_resized.jpg,paper_order,1,14,0,0,13,9,0
Image_1465_resized.txt,Image_1465_resized.jpg,paper_order,1,17,0,0,2,5,0
Image_1466_resized.txt,Image_1466_resized.jpg,paper_order,1,12,0,1,8,0,0
Image_1467_resized.txt,Image_1467_resized.jpg,paper_order,1,7,0,0,1,14,0
Image_1468_resized.txt,Image_1468_resized.jpg,paper_order,1,22,0,0,20,2,0
Image_1469_resized.txt,Image_1469_resized.jpg,paper_order,1,2,0,0,0,6,0
Image_146_resized.txt,Image_146_resized.jpg,paper_order,1,0,0,3,2,11,0
Image_1470_resized.txt,Image_1470_resized.jpg,paper_order,1,32,0,0,9,12,0
Image_1471_resized.txt,Image_1471_resized.jpg,paper_order,1,10,0,0,0,6,0
Image_1472_resized.txt,Image_1472_resized.jpg,paper_order,1,47,0,0,22,2,0
Image_1473_resized.txt,Image_1473_resized.jpg,paper_order,1,34,0,0,13,83,0
Image_1474_resized.txt,Image_1474_resized.jpg,paper_order,1,31,0,0,15,7,0
Image_1475_resized.txt,Image_1475_resized.jpg,paper_order,1,55,1,0,3,73,0
Image_1476_resized.txt,Image_1476_resized.jpg,paper_order,1,10,0,1,0,28,0
Image_1477_resized.txt,Image_1477_resized.jpg,paper_order,1,21,0,0,3,37,0
Image_1478_resized.txt,Image_1478_resized.jpg,paper_order,1,7,0,7,5,42,0
Image_1479_resized.txt,Image_1479_resized.jpg,paper_order,1,23,0,0,6,33,0
Image_147_resized.txt,Image_147_resized.jpg,paper_order,1,0,4,2,0,8,0
Image_1480_resized.txt,Image_1480_resized.jpg,paper_order,1,12,0,19,0,68,0
Image_1481_resized.txt,Image_1481_resized.jpg,paper_order,1,31,0,0,3,17,0
Image_1482_resized.txt,Image_1482_resized.jpg,paper_order,1,33,0,13,0,66,0
Image_1483_resized.txt,Image_1483_resized.jpg,paper_order,1,24,0,0,3,30,0
Image_1484_resized.txt,Image_1484_resized.jpg,paper_order,1,38,0,5,1,54,0
Image_1485_resized.txt,Image_1485_resized.jpg,paper_order,1,22,0,0,8,26,0
Image_1486_resized.txt,Image_1486_resized.jpg,paper_order,1,8,0,23,5,30,0
Image_1487_resized.txt,Image_1487_resized.jpg,paper_order,1,25,0,0,14,25,0
Image_1488_resized.txt,Image_1488_resized.jpg,paper_order,1,42,0,19,4,45,0
Image_1489_resized.txt,Image_1489_resized.jpg,paper_order,1,4,0,0,0,7,0
Image_148_resized.txt,Image_148_resized.jpg,paper_order,1,0,4,2,0,6,0
Image_1490_resized.txt,Image_1490_resized.jpg,paper_order,1,43,0,1,5,53,0
Image_1491_resized.txt,Image_1491_resized.jpg,paper_order,1,0,0,0,2,18,0
Image_1492_resized.txt,Image_1492_resized.jpg,paper_order,1,28,0,16,2,45,0
Image_1493_resized.txt,Image_1493_resized.jpg,paper_order,1,21,0,6,3,38,0
Image_1494_resized.txt,Image_1494_resized.jpg,paper_order,1,0,0,0,0,12,0
Image_1495_resized.txt,Image_1495_resized.jpg,paper_order,1,16,0,4,6,26,0
Image_1496_resized.txt,Image_1496_resized.jpg,paper_order,1,1,0,0,0,29,0
Image_1497_resized.txt,Image_1497_resized.jpg,paper_order,1,11,0,0,10,12,0
Image_1498_resized.txt,Image_1498_resized.jpg,paper_order,1,1,0,0,0,21,0
Image_1499_resized.txt,Image_1499_resized.jpg,paper_order,1,1,0,0,0,13,0
Image_149_resized.txt,Image_149_resized.jpg,paper_order,1,10,0,5,5,15,0
Image_14_resized.txt,Image_14_resized.jpg,paper_order,1,5,7,11,14,1,0
Image_1500_resized.txt,Image_1500_resized.jpg,paper_order,1,5,0,0,0,16,0
Image_1501_resized.txt,Image_1501_resized.jpg,paper_order,1,9,0,2,0,15,0
Image_1502_resized.txt,Image_1502_resized.jpg,paper_order,1,19,0,0,11,22,0
Image_1503_resized.txt,Image_1503_resized.jpg,paper_order,1,0,0,0,0,12,0
Image_1504_resized.txt,Image_1504_resized.jpg,paper_order,1,15,0,0,2,16,0
Image_1505_resized.txt,Image_1505_resized.jpg,paper_order,1,0,0,0,2,30,0
Image_1506_resized.txt,Image_1506_resized.jpg,paper_order,1,0,0,0,0,10,0
Image_1507_resized.txt,Image_1507_resized.jpg,paper_order,1,6,0,1,2,3,0
Image_1508_resized.txt,Image_1508_resized.jpg,paper_order,1,1,0,0,0,2,0
Image_1509_resized.txt,Image_1509_resized.jpg,paper_order,1,0,0,0,0,4,0
Image_150_resized.txt,Image_150_resized.jpg,paper_order,1,6,0,11,7,8,0
Image_1510_resized.txt,Image_1510_resized.jpg,paper_order,1,24,0,0,7,6,0
Image_1511_resized.txt,Image_1511_resized.jpg,paper_order,1,63,0,0,5,14,0
Image_1512_resized.txt,Image_1512_resized.jpg,paper_order,1,0,0,0,1,12,0
Image_1513_resized.txt,Image_1513_resized.jpg,paper_order,1,33,0,0,3,7,0
Image_1514_resized.txt,Image_1514_resized.jpg,paper_order,1,8,0,0,0,13,0
Image_1515_resized.txt,Image_1515_resized.jpg,paper_order,1,18,0,0,16,1,0
Image_1516_resized.txt,Image_1516_resized.jpg,paper_order,1,2,0,0,0,4,0
Image_1517_resized.txt,Image_1517_resized.jpg,paper_order,1,12,0,0,3,8,0
Image_1518_resized.txt,Image_1518_resized.jpg,paper_order,1,32,0,0,0,6,0
Image_1519_resized.txt,Image_1519_resized.jpg,paper_order,1,33,0,0,20,0,0
Image_151_resized.txt,Image_151_resized.jpg,paper_order,1,8,5,5,8,1,0
Image_1520_resized.txt,Image_1520_resized.jpg,paper_order,1,26,0,0,4,13,0
Image_1521_resized.txt,Image_1521_resized.jpg,paper_order,1,0,0,4,0,4,0
Image_1522_resized.txt,Image_1522_resized.jpg,paper_order,1,2,0,6,0,3,0
Image_1523_resized.txt,Image_1523_resized.jpg,paper_order,1,2,0,2,0,2,0
Image_1524_resized.txt,Image_1524_resized.jpg,paper_order,1,1,0,0,0,4,0
Image_1525_resized.txt,Image_1525_resized.jpg,paper_order,1,2,0,2,0,2,0
Image_1526_resized.txt,Image_1526_resized.jpg,paper_order,1,22,0,0,4,5,0
Image_1527_resized.txt,Image_1527_resized.jpg,paper_order,1,3,0,1,3,3,0
Image_1528_resized.txt,Image_1528_resized.jpg,paper_order,1,5,0,0,3,5,0
Image_1529_resized.txt,Image_1529_resized.jpg,paper_order,1,5,0,1,7,14,0
Image_152_resized.txt,Image_152_resized.jpg,paper_order,1,5,3,14,4,17,0
Image_1530_resized.txt,Image_1530_resized.jpg,paper_order,1,29,0,0,6,3,0
Image_1531_resized.txt,Image_1531_resized.jpg,paper_order,1,6,0,0,0,14,0
Image_1532_resized.txt,Image_1532_resized.jpg,paper_order,1,14,0,6,2,8,0
Image_1533_resized.txt,Image_1533_resized.jpg,paper_order,1,43,0,0,20,8,0
Image_1534_resized.txt,Image_1534_resized.jpg,paper_order,1,33,0,0,25,16,0
Image_1535_resized.txt,Image_1535_resized.jpg,paper_order,1,0,0,1,0,0,0
Image_1536_resized.txt,Image_1536_resized.jpg,paper_order,1,20,0,0,16,7,0
Image_1537_resized.txt,Image_1537_resized.jpg,paper_order,1,13,0,1,4,4,0
Image_1538_resized.txt,Image_1538_resized.jpg,paper_order,1,31,0,0,36,10,0
Image_1539_resized.txt,Image_1539_resized.jpg,paper_order,1,10,0,0,1,12,0
Image_153_resized.txt,Image_153_resized.jpg,paper_order,1,8,2,9,7,13,0
Image_1540_resized.txt,Image_1540_resized.jpg,paper_order,1,13,0,0,16,3,0
Image_1541_resized.txt,Image_1541_resized.jpg,paper_order,1,12,0,0,1,7,0
Image_1542_resized.txt,Image_1542_resized.jpg,paper_order,1,20,0,0,8,6,0
Image_1543_resized.txt,Image_1543_resized.jpg,paper_order,1,29,0,0,4,9,0
Image_1544_resized.txt,Image_1544_resized.jpg,paper_order,1,48,0,0,29,23,0
Image_1545_resized.txt,Image_1545_resized.jpg,paper_order,1,4,0,0,1,4,0
Image_1546_resized.txt,Image_1546_resized.jpg,paper_order,1,14,0,0,7,8,0
Image_1547_resized.txt,Image_1547_resized.jpg,paper_order,1,4,0,0,2,9,0
Image_1548_resized.txt,Image_1548_resized.jpg,paper_order,1,43,0,0,23,4,0
Image_1549_resized.txt,Image_1549_resized.jpg,paper_order,1,24,0,0,3,6,0
Image_154_resized.txt,Image_154_resized.jpg,paper_order,1,16,2,2,6,15,0
Image_1550_resized.txt,Image_1550_resized.jpg,paper_order,1,36,0,0,16,4,0
Image_1551_resized.txt,Image_1551_resized.jpg,paper_order,1,20,0,0,0,5,0
Image_1552_resized.txt,Image_1552_resized.jpg,paper_order,1,19,0,0,9,4,0
Image_1553_resized.txt,Image_1553_resized.jpg,paper_order,1,18,0,0,11,9,0
Image_1554_resized.txt,Image_1554_resized.jpg,paper_order,1,3,0,0,0,2,0
Image_1555_resized.txt,Image_1555_resized.jpg,paper_order,1,34,0,0,15,3,0
Image_1556_resized.txt,Image_1556_resized.jpg,paper_order,1,8,0,0,2,11,0
Image_1557_resized.txt,Image_1557_resized.jpg,paper_order,1,30,0,0,11,4,0
Image_1558_resized.txt,Image_1558_resized.jpg,paper_order,1,1,0,2,1,4,0
Image_1559_resized.txt,Image_1559_resized.jpg,paper_order,1,24,0,0,10,2,0
Image_155_resized.txt,Image_155_resized.jpg,paper_order,1,23,1,3,10,29,0
Image_1560_resized.txt,Image_1560_resized.jpg,paper_order,1,8,0,0,1,6,0
Image_1561_resized.txt,Image_1561_resized.jpg,paper_order,1,22,0,0,9,8,0
Image_1562_resized.txt,Image_1562_resized.jpg,paper_order,1,29,0,0,6,7,0
Image_1563_resized.txt,Image_1563_resized.jpg,paper_order,1,1,0,0,0,14,0
Image_1564_resized.txt,Image_1564_resized.jpg,paper_order,1,30,0,0,6,9,0
Image_1565_resized.txt,Image_1565_resized.jpg,paper_order,1,20,0,0,10,1,0
Image_1566_resized.txt,Image_1566_resized.jpg,paper_order,1,15,0,0,3,1,0
Image_1567_resized.txt,Image_1567_resized.jpg,paper_order,1,2,0,0,0,9,0
Image_1568_resized.txt,Image_1568_resized.jpg,paper_order,1,5,0,0,5,26,0
Image_1569_resized.txt,Image_1569_resized.jpg,paper_order,1,2,0,0,0,7,0
Image_156_resized.txt,Image_156_resized.jpg,paper_order,1,0,2,15,6,29,0
Image_1570_resized.txt,Image_1570_resized.jpg,paper_order,1,13,0,3,8,23,0
Image_1571_resized.txt,Image_1571_resized.jpg,paper_order,1,0,1,1,0,13,0
Image_1572_resized.txt,Image_1572_resized.jpg,paper_order,1,7,0,1,7,25,0
Image_1573_resized.txt,Image_1573_resized.jpg,paper_order,1,2,1,2,2,12,0
Image_1574_resized.txt,Image_1574_resized.jpg,paper_order,1,13,0,0,0,23,0
Image_1575_resized.txt,Image_1575_resized.jpg,paper_order,1,28,0,0,9,32,0
Image_1576_resized.txt,Image_1576_resized.jpg,paper_order,1,2,0,0,0,10,0
Image_1577_resized.txt,Image_1577_resized.jpg,paper_order,1,14,0,0,0,8,0
Image_1578_resized.txt,Image_1578_resized.jpg,paper_order,1,1,0,0,0,12,0
Image_1579_resized.txt,Image_1579_resized.jpg,tree_as_5,2,0,20,0,0,1,1
Image_157_resized.txt,Image_157_resized.jpg,paper_order,1,1,0,9,4,37,0
Image_1580_resized.txt,Image_1580_resized.jpg,tree_as_5,1,0,4,0,0,1,1
Image_1581_resized.txt,Image_1581_resized.jpg,tree_as_5,8,0,36,0,0,1,1
Image_1582_resized.txt,Image_1582_resized.jpg,paper_order,0,0,10,0,0,0,0
Image_1583_resized.txt,Image_1583_resized.jpg,paper_order,9,0,28,0,0,0,0
Image_1584_resized.txt,Image_1584_resized.jpg,tree_as_5,2,0,39,0,0,1,1
Image_1585_resized.txt,Image_1585_resized.jpg,tree_as_5,2,0,19,0,0,1,1
Image_1586_resized.txt,Image_1586_resized.jpg,tree_as_5,0,0,22,1,1,1,1
Image_1587_resized.txt,Image_1587_resized.jpg,tree_as_5,4,0,16,0,0,1,1
Image_1588_resized.txt,Image_1588_resized.jpg,tree_as_5,1,0,27,1,2,1,1
Image_1589_resized.txt,Image_1589_resized.jpg,tree_as_5,0,0,6,0,0,1,1
Image_158_resized.txt,Image_158_resized.jpg,paper_order,1,9,0,6,13,25,0
Image_1590_resized.txt,Image_1590_resized.jpg,tree_as_5,0,0,34,1,0,1,1
Image_1591_resized.txt,Image_1591_resized.jpg,tree_as_5,6,0,39,0,0,1,1
Image_1592_resized.txt,Image_1592_resized.jpg,tree_as_5,0,0,17,0,0,1,1
Image_1593_resized.txt,Image_1593_resized.jpg,tree_as_5,9,0,7,0,2,1,1
Image_1594_resized.txt,Image_1594_resized.jpg,tree_as_5,3,3,14,0,0,1,1
Image_1595_resized.txt,Image_1595_resized.jpg,tree_as_5,1,0,13,0,0,1,1
Image_1596_resized.txt,Image_1596_resized.jpg,tree_as_5,3,0,12,0,0,1,1
Image_1597_resized.txt,Image_1597_resized.jpg,tree_as_5,0,0,12,0,0,1,1
Image_1598_resized.txt,Image_1598_resized.jpg,tree_as_5,2,1,8,0,0,1,1
Image_1599_resized.txt,Image_1599_resized.jpg,tree_as_5,3,0,11,0,0,1,1
Image_159_resized.txt,Image_159_resized.jpg,paper_order,1,0,0,7,4,11,0
Image_15_resized.txt,Image_15_resized.jpg,paper_order,1,10,17,16,14,6,0
Image_1600_resized.txt,Image_1600_resized.jpg,tree_as_5,4,2,3,0,0,1,1
Image_1601_resized.txt,Image_1601_resized.jpg,tree_as_5,4,0,14,0,1,1,1
Image_1602_resized.txt,Image_1602_resized.jpg,tree_as_5,2,0,9,0,0,1,1
Image_1603_resized.txt,Image_1603_resized.jpg,tree_as_5,0,0,11,0,2,1,1
Image_1604_resized.txt,Image_1604_resized.jpg,tree_as_5,4,1,21,0,0,1,1
Image_1605_resized.txt,Image_1605_resized.jpg,tree_as_5,3,2,19,0,0,1,1
Image_1606_resized.txt,Image_1606_resized.jpg,tree_as_5,0,0,22,0,0,1,1
Image_1607_resized.txt,Image_1607_resized.jpg,tree_as_5,0,0,29,0,0,1,1
Image_1608_resized.txt,Image_1608_resized.jpg,paper_order,3,1,12,0,0,0,0
Image_1609_resized.txt,Image_1609_resized.jpg,tree_as_5,5,0,10,0,0,1,1
Image_160_resized.txt,Image_160_resized.jpg,paper_order,1,5,0,9,3,14,0
Image_1610_resized.txt,Image_1610_resized.jpg,tree_as_5,5,3,21,0,0,1,1
Image_1611_resized.txt,Image_1611_resized.jpg,tree_as_5,7,0,10,0,0,1,1
Image_1612_resized.txt,Image_1612_resized.jpg,tree_as_5,2,0,12,0,0,1,1
Image_1613_resized.txt,Image_1613_resized.jpg,tree_as_5,0,0,17,0,1,1,1
Image_1614_resized.txt,Image_1614_resized.jpg,tree_as_5,3,0,27,0,0,1,1
Image_1615_resized.txt,Image_1615_resized.jpg,tree_as_5,4,0,17,0,1,1,1
Image_1616_resized.txt,Image_1616_resized.jpg,tree_as_5,0,0,20,0,0,1,1
Image_1617_resized.txt,Image_1617_resized.jpg,tree_as_5,5,0,16,0,1,1,1
Image_1618_resized.txt,Image_1618_resized.jpg,tree_as_5,0,0,12,0,0,1,1
Image_1619_resized.txt,Image_1619_resized.jpg,tree_as_5,4,0,16,0,0,1,1
Image_161_resized.txt,Image_161_resized.jpg,paper_order,1,1,0,8,10,21,0
Image_1620_resized.txt,Image_1620_resized.jpg,tree_as_5,10,0,20,0,0,1,1
Image_1621_resized.txt,Image_1621_resized.jpg,tree_as_5,6,0,5,0,1,1,1
Image_1622_resized.txt,Image_1622_resized.jpg,tree_as_5,3,0,51,0,0,1,1
Image_1623_resized.txt,Image_1623_resized.jpg,tree_as_5,3,0,4,0,1,1,1
Image_1624_resized.txt,Image_1624_resized.jpg,tree_as_5,8,0,13,0,0,1,1
Image_1625_resized.txt,Image_1625_resized.jpg,tree_as_5,10,0,10,0,0,1,1
Image_1626_resized.txt,Image_1626_resized.jpg,tree_as_5,5,0,34,0,0,1,1
Image_1627_resized.txt,Image_1627_resized.jpg,tree_as_5,3,0,14,0,0,1,1
Image_1628_resized.txt,Image_1628_resized.jpg,tree_as_5,0,0,17,0,0,1,1
Image_1629_resized.txt,Image_1629_resized.jpg,tree_as_5,5,1,11,0,1,1,1
Image_162_resized.txt,Image_162_resized.jpg,paper_order,0,0,0,7,11,17,0
Image_1630_resized.txt,Image_1630_resized.jpg,tree_as_5,0,0,12,0,0,1,1
Image_1631_resized.txt,Image_1631_resized.jpg,tree_as_5,2,0,9,0,2,1,1
Image_1632_resized.txt,Image_1632_resized.jpg,tree_as_5,1,0,37,0,0,1,1
Image_1633_resized.txt,Image_1633_resized.jpg,tree_as_5,3,0,8,0,0,1,1
Image_1634_resized.txt,Image_1634_resized.jpg,tree_as_5,0,0,14,0,0,1,1
Image_1635_resized.txt,Image_1635_resized.jpg,tree_as_5,4,0,1,0,0,1,1
Image_1636_resized.txt,Image_1636_resized.jpg,tree_as_5,0,0,13,0,0,1,1
Image_1637_resized.txt,Image_1637_resized.jpg,tree_as_5,0,0,17,0,0,1,1
Image_1638_resized.txt,Image_1638_resized.jpg,tree_as_5,1,0,14,0,0,1,1
Image_1639_resized.txt,Image_1639_resized.jpg,tree_as_5,4,0,15,0,0,1,1
Image_163_resized.txt,Image_163_resized.jpg,paper_order,1,0,0,7,8,15,0
Image_1640_resized.txt,Image_1640_resized.jpg,tree_as_5,2,0,32,0,0,1,1
Image_1641_resized.txt,Image_1641_resized.jpg,tree_as_5,0,0,10,0,0,1,1
Image_1642_resized.txt,Image_1642_resized.jpg,tree_as_5,1,3,11,0,0,1,1
Image_1643_resized.txt,Image_1643_resized.jpg,tree_as_5,0,0,16,0,0,1,1
Image_1644_resized.txt,Image_1644_resized.jpg,tree_as_5,0,0,7,0,0,1,1
Image_1645_resized.txt,Image_1645_resized.jpg,tree_as_5,1,0,9,0,0,1,1
Image_1646_resized.txt,Image_1646_resized.jpg,tree_as_5,9,0,4,1,0,1,1
Image_1647_resized.txt,Image_1647_resized.jpg,tree_as_5,0,0,16,0,0,1,1
Image_1648_resized.txt,Image_1648_resized.jpg,tree_as_5,9,0,8,0,0,1,1
Image_1649_resized.txt,Image_1649_resized.jpg,tree_as_5,1,0,41,1,0,1,1
Image_164_resized.txt,Image_164_resized.jpg,paper_order,1,0,0,5,10,17,0
Image_1650_resized.txt,Image_1650_resized.jpg,tree_as_5,11,0,11,0,0,1,1
Image_1651_resized.txt,Image_1651_resized.jpg,tree_as_5,2,1,7,0,0,1,1
Image_1652_resized.txt,Image_1652_resized.jpg,tree_as_5,6,0,7,0,0,1,1
Image_1653_resized.txt,Image_1653_resized.jpg,tree_as_5,2,0,18,0,0,1,1
Image_1654_resized.txt,Image_1654_resized.jpg,tree_as_5,8,0,17,0,0,1,1
Image_1655_resized.txt,Image_1655_resized.jpg,tree_as_5,0,1,13,0,0,1,1
Image_1656_resized.txt,Image_1656_resized.jpg,tree_as_5,21,1,25,0,1,1,1
Image_1657_resized.txt,Image_1657_resized.jpg,tree_as_5,10,0,31,0,0,1,1
Image_1658_resized.txt,Image_1658_resized.jpg,tree_as_5,0,0,4,0,0,1,1
Image_1659_resized.txt,Image_1659_resized.jpg,tree_as_5,16,1,23,0,1,1,1
Image_165_resized.txt,Image_165_resized.jpg,paper_order,1,2,0,5,4,10,0
Image_1660_resized.txt,Image_1660_resized.jpg,tree_as_5,1,0,8,0,0,1,1
Image_1661_resized.txt,Image_1661_resized.jpg,tree_as_5,0,0,12,0,1,1,1
Image_1662_resized.txt,Image_1662_resized.jpg,tree_as_5,4,0,6,0,1,1,1
Image_1663_resized.txt,Image_1663_resized.jpg,tree_as_5,3,0,14,0,0,1,1
Image_1664_resized.txt,Image_1664_resized.jpg,tree_as_5,9,1,14,0,1,1,1
Image_1665_resized.txt,Image_1665_resized.jpg,tree_as_5,0,0,9,0,0,1,1
Image_1666_resized.txt,Image_1666_resized.jpg,tree_as_5,12,0,21,0,0,1,1
Image_1667_resized.txt,Image_1667_resized.jpg,tree_as_5,0,0,28,0,0,1,1
Image_1668_resized.txt,Image_1668_resized.jpg,tree_as_5,11,0,13,0,0,1,1
Image_1669_resized.txt,Image_1669_resized.jpg,tree_as_5,4,0,22,0,0,1,1
Image_166_resized.txt,Image_166_resized.jpg,paper_order,1,0,0,6,7,2,0
Image_1670_resized.txt,Image_1670_resized.jpg,tree_as_5,21,0,33,0,0,1,1
Image_1671_resized.txt,Image_1671_resized.jpg,tree_as_5,5,3,20,0,0,1,1
Image_1672_resized.txt,Image_1672_resized.jpg,tree_as_5,8,1,15,0,0,1,1
Image_1673_resized.txt,Image_1673_resized.jpg,tree_as_5,4,0,17,0,0,1,1
Image_1674_resized.txt,Image_1674_resized.jpg,tree_as_5,11,0,9,0,0,1,1
Image_1675_resized.txt,Image_1675_resized.jpg,tree_as_5,3,0,16,0,0,1,1
Image_1676_resized.txt,Image_1676_resized.jpg,tree_as_5,12,0,15,0,0,1,1
Image_1677_resized.txt,Image_1677_resized.jpg,tree_as_5,0,0,11,0,0,1,1
Image_1678_resized.txt,Image_1678_resized.jpg,tree_as_5,5,2,15,0,0,1,1
Image_1679_resized.txt,Image_1679_resized.jpg,tree_as_5,0,0,23,0,0,1,1
Image_167_resized.txt,Image_167_resized.jpg,paper_order,1,0,0,14,13,8,0
Image_1680_resized.txt,Image_1680_resized.jpg,tree_as_5,13,1,11,0,0,1,1
Image_1681_resized.txt,Image_1681_resized.jpg,tree_as_5,2,0,9,1,0,1,1
Image_1682_resized.txt,Image_1682_resized.jpg,tree_as_5,8,5,4,0,0,1,1
Image_1683_resized.txt,Image_1683_resized.jpg,tree_as_5,1,0,6,0,0,1,1
Image_1684_resized.txt,Image_1684_resized.jpg,tree_as_5,9,0,15,1,0,1,1
Image_1685_resized.txt,Image_1685_resized.jpg,tree_as_5,6,0,5,0,0,1,1
Image_1686_resized.txt,Image_1686_resized.jpg,tree_as_5,4,0,5,0,1,1,1
Image_1687_resized.txt,Image_1687_resized.jpg,tree_as_5,9,4,14,0,0,1,1
Image_1688_resized.txt,Image_1688_resized.jpg,tree_as_5,2,0,20,1,0,1,1
Image_1689_resized.txt,Image_1689_resized.jpg,tree_as_5,10,4,20,0,0,1,1
Image_168_resized.txt,Image_168_resized.jpg,paper_order,1,0,0,14,11,10,0
Image_1690_resized.txt,Image_1690_resized.jpg,tree_as_5,4,1,12,1,0,1,1
Image_1691_resized.txt,Image_1691_resized.jpg,tree_as_5,5,3,9,0,0,1,1
Image_1692_resized.txt,Image_1692_resized.jpg,tree_as_5,3,3,22,1,0,1,1
Image_1693_resized.txt,Image_1693_resized.jpg,tree_as_5,8,11,20,0,0,1,1
Image_1694_resized.txt,Image_1694_resized.jpg,tree_as_5,0,0,6,0,0,1,1
Image_1695_resized.txt,Image_1695_resized.jpg,tree_as_5,3,6,11,0,0,1,1
Image_1696_resized.txt,Image_1696_resized.jpg,tree_as_5,7,5,5,0,0,1,1
Image_1697_resized.txt,Image_1697_resized.jpg,tree_as_5,7,8,5,0,0,1,1
Image_1698_resized.txt,Image_1698_resized.jpg,tree_as_5,1,4,14,0,0,1,1
Image_1699_resized.txt,Image_1699_resized.jpg,tree_as_5,11,12,26,0,0,1,1
Image_169_resized.txt,Image_169_resized.jpg,paper_order,1,1,0,15,16,13,0
Image_16_resized.txt,Image_16_resized.jpg,paper_order,1,81,39,56,59,10,0
Image_1700_resized.txt,Image_1700_resized.jpg,tree_as_5,3,0,15,0,0,1,1
Image_1701_resized.txt,Image_1701_resized.jpg,tree_as_5,12,2,21,0,0,1,1
Image_1702_resized.txt,Image_1702_resized.jpg,tree_as_5,4,7,23,0,0,1,1
Image_1703_resized.txt,Image_1703_resized.jpg,tree_as_5,15,10,22,0,0,1,1
Image_1704_resized.txt,Image_1704_resized.jpg,tree_as_5,3,3,9,0,0,1,1
Image_1705_resized.txt,Image_1705_resized.jpg,tree_as_5,2,0,10,0,0,1,1
Image_1706_resized.txt,Image_1706_resized.jpg,tree_as_5,2,1,37,0,0,1,1
Image_1707_resized.txt,Image_1707_resized.jpg,tree_as_5,1,0,14,0,2,1,1
Image_1708_resized.txt,Image_1708_resized.jpg,tree_as_5,17,1,25,0,0,1,1
Image_1709_resized.txt,Image_1709_resized.jpg,tree_as_5,4,0,18,0,6,1,1
Image_170_resized.txt,Image_170_resized.jpg,paper_order,1,5,0,10,13,10,0
Image_1710_resized.txt,Image_1710_resized.jpg,tree_as_5,10,5,24,0,0,1,1
Image_1711_resized.txt,Image_1711_resized.jpg,tree_as_5,6,0,17,0,7,1,1
Image_1712_resized.txt,Image_1712_resized.jpg,tree_as_5,13,0,26,0,0,1,1
Image_1713_resized.txt,Image_1713_resized.jpg,tree_as_5,1,0,14,0,2,1,1
Image_1714_resized.txt,Image_1714_resized.jpg,tree_as_5,2,0,9,0,0,1,1
Image_1715_resized.txt,Image_1715_resized.jpg,tree_as_5,3,0,7,0,2,1,1
Image_1716_resized.txt,Image_1716_resized.jpg,tree_as_5,12,3,13,0,0,1,1
Image_1717_resized.txt,Image_1717_resized.jpg,tree_as_5,0,2,8,0,3,1,1
Image_1718_resized.txt,Image_1718_resized.jpg,tree_as_5,16,0,10,0,0,1,1
Image_1719_resized.txt,Image_1719_resized.jpg,tree_as_5,4,0,50,0,1,1,1
Image_171_resized.txt,Image_171_resized.jpg,paper_order,1,0,0,9,8,17,0
Image_1720_resized.txt,Image_1720_resized.jpg,tree_as_5,4,0,24,0,0,1,1
Image_1721_resized.txt,Image_1721_resized.jpg,tree_as_5,1,0,31,0,2,1,1
Image_1722_resized.txt,Image_1722_resized.jpg,tree_as_5,1,0,13,0,0,1,1
Image_1723_resized.txt,Image_1723_resized.jpg,tree_as_5,0,0,12,0,0,1,1
Image_1724_resized.txt,Image_1724_resized.jpg,tree_as_5,2,0,24,0,0,1,1
Image_1725_resized.txt,Image_1725_resized.jpg,tree_as_5,0,0,11,0,0,1,1
Image_1726_resized.txt,Image_1726_resized.jpg,tree_as_5,10,1,26,0,0,1,1
Image_1727_resized.txt,Image_1727_resized.jpg,tree_as_5,0,0,13,0,0,1,1
Image_1728_resized.txt,Image_1728_resized.jpg,tree_as_5,6,0,19,0,0,1,1
Image_1729_resized.txt,Image_1729_resized.jpg,tree_as_5,1,0,21,0,2,1,1
Image_172_resized.txt,Image_172_resized.jpg,paper_order,2,0,0,1,10,21,0
Image_1730_resized.txt,Image_1730_resized.jpg,tree_as_5,10,0,38,0,0,1,1
Image_1731_resized.txt,Image_1731_resized.jpg,tree_as_5,2,0,18,0,5,1,1
Image_1732_resized.txt,Image_1732_resized.jpg,tree_as_5,12,0,47,0,0,1,1
Image_1733_resized.txt,Image_1733_resized.jpg,tree_as_5,1,0,45,0,3,1,1
Image_1734_resized.txt,Image_1734_resized.jpg,tree_as_5,4,0,24,0,0,1,1
Image_1735_resized.txt,Image_1735_resized.jpg,tree_as_5,1,0,20,0,0,1,1
Image_1736_resized.txt,Image_1736_resized.jpg,tree_as_5,6,0,46,0,0,1,1
Image_1737_resized.txt,Image_1737_resized.jpg,tree_as_5,0,0,7,0,1,1,1
Image_1738_resized.txt,Image_1738_resized.jpg,tree_as_5,13,0,43,0,0,1,1
Image_1739_resized.txt,Image_1739_resized.jpg,tree_as_5,2,0,8,0,3,1,1
Image_173_resized.txt,Image_173_resized.jpg,paper_order,1,0,0,7,10,15,0
Image_1740_resized.txt,Image_1740_resized.jpg,tree_as_5,9,0,44,0,0,1,1
Image_1741_resized.txt,Image_1741_resized.jpg,tree_as_5,1,0,13,0,1,1,1
Image_1742_resized.txt,Image_1742_resized.jpg,tree_as_5,4,0,29,0,0,1,1
Image_1743_resized.txt,Image_1743_resized.jpg,tree_as_5,4,0,6,0,0,1,1
Image_1744_resized.txt,Image_1744_resized.jpg,tree_as_5,7,10,26,0,0,1,1
Image_1745_resized.txt,Image_1745_resized.jpg,tree_as_5,1,0,6,0,6,1,1
Image_1746_resized.txt,Image_1746_resized.jpg,tree_as_5,1,4,18,0,0,1,1
Image_1747_resized.txt,Image_1747_resized.jpg,tree_as_5,3,0,32,0,0,1,1
Image_1748_resized.txt,Image_1748_resized.jpg,tree_as_5,6,10,13,0,0,1,1
Image_1749_resized.txt,Image_1749_resized.jpg,tree_as_5,1,0,55,0,0,1,1
Image_174_resized.txt,Image_174_resized.jpg,paper_order,1,3,0,17,12,43,0
Image_1750_resized.txt,Image_1750_resized.jpg,tree_as_5,1,0,8,0,0,1,1
Image_1751_resized.txt,Image_1751_resized.jpg,tree_as_5,0,0,35,0,1,1,1
Image_1752_resized.txt,Image_1752_resized.jpg,tree_as_5,0,0,44,0,0,1,1
Image_1753_resized.txt,Image_1753_resized.jpg,tree_as_5,0,0,19,0,0,1,1
Image_1754_resized.txt,Image_1754_resized.jpg,tree_as_5,2,0,37,0,1,1,1
Image_1755_resized.txt,Image_1755_resized.jpg,tree_as_5,4,0,37,0,0,1,1
Image_1756_resized.txt,Image_1756_resized.jpg,tree_as_5,0,0,33,0,0,1,1
Image_1757_resized.txt,Image_1757_resized.jpg,tree_as_5,3,0,34,0,0,1,1
Image_1758_resized.txt,Image_1758_resized.jpg,tree_as_5,11,0,16,0,0,1,1
Image_1759_resized.txt,Image_1759_resized.jpg,tree_as_5,1,0,26,0,1,1,1
Image_175_resized.txt,Image_175_resized.jpg,paper_order,1,5,0,0,8,14,0
Image_1760_resized.txt,Image_1760_resized.jpg,tree_as_5,2,0,53,0,0,1,1
Image_1761_resized.txt,Image_1761_resized.jpg,tree_as_5,2,0,11,0,0,1,1
Image_1762_resized.txt,Image_1762_resized.jpg,tree_as_5,2,0,49,0,0,1,1
Image_1763_resized.txt,Image_1763_resized.jpg,tree_as_5,1,0,35,0,0,1,1
Image_1764_resized.txt,Image_1764_resized.jpg,tree_as_5,2,3,14,0,0,1,1
Image_1765_resized.txt,Image_1765_resized.jpg,tree_as_5,2,0,13,0,0,1,1
Image_1766_resized.txt,Image_1766_resized.jpg,tree_as_5,4,0,30,0,0,1,1
Image_1767_resized.txt,Image_1767_resized.jpg,tree_as_5,6,0,49,0,0,1,1
Image_1768_resized.txt,Image_1768_resized.jpg,tree_as_5,3,0,45,0,0,1,1
Image_1769_resized.txt,Image_1769_resized.jpg,tree_as_5,1,0,27,0,2,1,1
Image_176_resized.txt,Image_176_resized.jpg,paper_order,1,6,0,1,4,14,0
Image_1770_resized.txt,Image_1770_resized.jpg,tree_as_5,3,0,36,0,0,1,1
Image_1771_resized.txt,Image_1771_resized.jpg,tree_as_5,1,0,18,0,0,1,1
Image_1772_resized.txt,Image_1772_resized.jpg,tree_as_5,1,7,26,0,0,1,1
Image_1773_resized.txt,Image_1773_resized.jpg,tree_as_5,0,0,34,0,0,1,1
Image_1774_resized.txt,Image_1774_resized.jpg,tree_as_5,1,6,43,0,0,1,1
Image_1775_resized.txt,Image_1775_resized.jpg,tree_as_5,3,0,9,0,0,1,1
Image_1776_resized.txt,Image_1776_resized.jpg,tree_as_5,7,1,11,0,0,1,1
Image_1777_resized.txt,Image_1777_resized.jpg,tree_as_5,1,0,3,0,9,1,1
Image_1778_resized.txt,Image_1778_resized.jpg,tree_as_5,0,0,13,1,0,1,1
Image_1779_resized.txt,Image_1779_resized.jpg,tree_as_5,4,0,5,0,0,1,1
Image_177_resized.txt,Image_177_resized.jpg,paper_order,1,12,0,9,3,9,0
Image_1780_resized.txt,Image_1780_resized.jpg,tree_as_5,4,1,8,0,0,1,1
Image_1781_resized.txt,Image_1781_resized.jpg,tree_as_5,1,4,13,0,0,1,1
Image_1782_resized.txt,Image_1782_resized.jpg,tree_as_5,0,0,13,1,0,1,1
Image_1783_resized.txt,Image_1783_resized.jpg,tree_as_5,3,5,10,0,0,1,1
Image_1784_resized.txt,Image_1784_resized.jpg,tree_as_5,3,0,32,0,0,1,1
Image_1785_resized.txt,Image_1785_resized.jpg,tree_as_5,0,0,11,0,0,1,1
Image_1786_resized.txt,Image_1786_resized.jpg,tree_as_5,0,0,17,0,0,1,1
Image_1787_resized.txt,Image_1787_resized.jpg,tree_as_5,0,0,20,0,0,1,1
Image_1788_resized.txt,Image_1788_resized.jpg,tree_as_5,1,0,16,1,0,1,1
Image_1789_resized.txt,Image_1789_resized.jpg,tree_as_5,0,0,23,0,0,1,1
Image_178_resized.txt,Image_178_resized.jpg,paper_order,1,18,0,8,0,5,0
Image_1790_resized.txt,Image_1790_resized.jpg,tree_as_5,8,0,23,0,0,1,1
Image_1791_resized.txt,Image_1791_resized.jpg,tree_as_5,1,0,24,0,0,1,1
Image_1792_resized.txt,Image_1792_resized.jpg,tree_as_5,2,0,30,1,0,1,1
Image_1793_resized.txt,Image_1793_resized.jpg,tree_as_5,0,0,1,0,0,1,1
Image_1794_resized.txt,Image_1794_resized.jpg,tree_as_5,5,2,27,0,0,1,1
Image_1795_resized.txt,Image_1795_resized.jpg,tree_as_5,0,0,5,0,0,1,1
Image_1796_resized.txt,Image_1796_resized.jpg,tree_as_5,2,0,15,1,0,1,1
Image_1797_resized.txt,Image_1797_resized.jpg,tree_as_5,12,0,30,0,0,1,1
Image_1798_resized.txt,Image_1798_resized.jpg,tree_as_5,3,0,12,0,0,1,1
Image_1799_resized.txt,Image_1799_resized.jpg,tree_as_5,3,0,3,0,0,1,1
Image_179_resized.txt,Image_179_resized.jpg,paper_order,1,19,0,16,3,2,0
Image_17_resized.txt,Image_17_resized.jpg,paper_order,1,32,12,68,63,7,0
Image_1800_resized.txt,Image_1800_resized.jpg,tree_as_5,4,0,29,0,0,1,1
Image_1801_resized.txt,Image_1801_resized.jpg,tree_as_5,3,0,0,0,0,1,1
Image_1802_resized.txt,Image_1802_resized.jpg,tree_as_5,4,0,22,0,0,1,1
Image_1803_resized.txt,Image_1803_resized.jpg,tree_as_5,0,0,3,0,0,1,1
Image_1804_resized.txt,Image_1804_resized.jpg,tree_as_5,1,0,27,0,0,1,1
Image_1805_resized.txt,Image_1805_resized.jpg,tree_as_5,3,2,12,0,0,1,1
Image_1806_resized.txt,Image_1806_resized.jpg,tree_as_5,2,0,38,0,0,1,1
Image_1807_resized.txt,Image_1807_resized.jpg,tree_as_5,2,0,14,0,0,1,1
Image_1808_resized.txt,Image_1808_resized.jpg,tree_as_5,4,0,22,0,0,1,1
Image_1809_resized.txt,Image_1809_resized.jpg,tree_as_5,0,0,4,0,0,1,1
Image_180_resized.txt,Image_180_resized.jpg,paper_order,1,21,0,9,13,11,0
Image_1810_resized.txt,Image_1810_resized.jpg,tree_as_5,0,0,12,0,0,1,1
Image_1811_resized.txt,Image_1811_resized.jpg,tree_as_5,1,0,13,0,0,1,1
Image_1812_resized.txt,Image_1812_resized.jpg,tree_as_5,5,0,3,0,0,1,1
Image_1813_resized.txt,Image_1813_resized.jpg,tree_as_5,2,2,9,0,0,1,1
Image_1814_resized.txt,Image_1814_resized.jpg,tree_as_5,3,0,12,0,4,1,1
Image_1815_resized.txt,Image_1815_resized.jpg,tree_as_5,3,0,14,0,1,1,1
Image_1816_resized.txt,Image_1816_resized.jpg,tree_as_5,4,0,7,0,1,1,1
Image_1817_resized.txt,Image_1817_resized.jpg,tree_as_5,1,0,5,0,1,1,1
Image_1818_resized.txt,Image_1818_resized.jpg,tree_as_5,2,0,7,0,0,1,1
Image_1819_resized.txt,Image_1819_resized.jpg,tree_as_5,4,1,2,0,4,1,1
Image_181_resized.txt,Image_181_resized.jpg,paper_order,1,25,0,14,11,15,0
Image_1820_resized.txt,Image_1820_resized.jpg,tree_as_5,2,0,9,0,0,1,1
Image_1821_resized.txt,Image_1821_resized.jpg,tree_as_5,1,0,13,0,0,1,1
Image_1822_resized.txt,Image_1822_resized.jpg,tree_as_5,0,0,8,0,0,1,1
Image_1823_resized.txt,Image_1823_resized.jpg,tree_as_5,2,0,3,0,0,1,1
Image_1824_resized.txt,Image_1824_resized.jpg,tree_as_5,4,0,9,0,0,1,1
Image_1825_resized.txt,Image_1825_resized.jpg,tree_as_5,1,0,2,0,1,1,1
Image_1826_resized.txt,Image_1826_resized.jpg,tree_as_5,1,0,4,0,0,1,1
Image_1827_resized.txt,Image_1827_resized.jpg,tree_as_5,0,0,3,0,0,1,1
Image_1828_resized.txt,Image_1828_resized.jpg,tree_as_5,5,0,13,0,0,1,1
Image_1829_resized.txt,Image_1829_resized.jpg,tree_as_5,6,15,4,0,0,1,1
Image_182_resized.txt,Image_182_resized.jpg,paper_order,1,22,0,13,17,10,0
Image_1830_resized.txt,Image_1830_resized.jpg,tree_as_5,4,3,5,0,0,1,1
Image_1831_resized.txt,Image_1831_resized.jpg,tree_as_5,4,3,1,0,0,1,1
Image_1832_resized.txt,Image_1832_resized.jpg,tree_as_5,2,2,2,0,0,1,1
Image_1833_resized.txt,Image_1833_resized.jpg,tree_as_5,5,5,20,0,0,1,1
Image_1834_resized.txt,Image_1834_resized.jpg,tree_as_5,4,2,10,0,0,1,1
Image_1835_resized.txt,Image_1835_resized.jpg,tree_as_5,6,13,7,0,4,1,1
Image_1836_resized.txt,Image_1836_resized.jpg,tree_as_5,0,18,35,0,2,1,1
Image_1837_resized.txt,Image_1837_resized.jpg,tree_as_5,12,21,7,0,1,1,1
Image_1838_resized.txt,Image_1838_resized.jpg,tree_as_5,3,0,6,0,0,1,1
Image_1839_resized.txt,Image_1839_resized.jpg,tree_as_5,0,0,23,0,0,1,1
Image_183_resized.txt,Image_183_resized.jpg,paper_order,1,9,0,32,4,48,0
Image_1840_resized.txt,Image_1840_resized.jpg,tree_as_5,1,0,26,0,0,1,1
Image_1841_resized.txt,Image_1841_resized.jpg,tree_as_5,0,9,11,0,0,1,1
Image_1842_resized.txt,Image_1842_resized.jpg,tree_as_5,1,2,9,0,0,1,1
Image_1843_resized.txt,Image_1843_resized.jpg,tree_as_5,1,11,4,0,0,1,1
Image_1844_resized.txt,Image_1844_resized.jpg,tree_as_5,2,0,7,0,0,1,1
Image_1845_resized.txt,Image_1845_resized.jpg,tree_as_5,9,12,14,0,0,1,1
Image_1846_resized.txt,Image_1846_resized.jpg,tree_as_5,1,7,7,0,0,1,1
Image_1847_resized.txt,Image_1847_resized.jpg,tree_as_5,2,6,15,0,0,1,1
Image_1848_resized.txt,Image_1848_resized.jpg,tree_as_5,2,7,35,0,0,1,1
Image_1849_resized.txt,Image_1849_resized.jpg,tree_as_5,3,0,34,0,0,1,1
Image_184_resized.txt,Image_184_resized.jpg,paper_order,1,7,0,27,12,39,0
Image_1850_resized.txt,Image_1850_resized.jpg,tree_as_5,2,23,4,0,0,1,1
Image_1851_resized.txt,Image_1851_resized.jpg,tree_as_5,7,6,11,0,0,1,1
Image_1852_resized.txt,Image_1852_resized.jpg,tree_as_5,3,0,33,0,0,1,1
Image_1853_resized.txt,Image_1853_resized.jpg,tree_as_5,2,17,34,0,0,1,1
Image_1854_resized.txt,Image_1854_resized.jpg,tree_as_5,0,0,22,0,0,1,1
Image_1855_resized.txt,Image_1855_resized.jpg,tree_as_5,7,6,2,0,0,1,1
Image_1856_resized.txt,Image_1856_resized.jpg,tree_as_5,8,3,11,0,1,1,1
Image_1857_resized.txt,Image_1857_resized.jpg,tree_as_5,5,1,17,0,0,1,1
Image_1858_resized.txt,Image_1858_resized.jpg,tree_as_5,0,0,20,0,0,1,1
Image_1859_resized.txt,Image_1859_resized.jpg,tree_as_5,2,2,11,0,0,1,1
Image_185_resized.txt,Image_185_resized.jpg,paper_order,1,4,0,2,6,0,0
Image_1860_resized.txt,Image_1860_resized.jpg,tree_as_5,2,0,13,0,0,1,1
Image_1861_resized.txt,Image_1861_resized.jpg,tree_as_5,3,0,3,0,0,1,1
Image_1862_resized.txt,Image_1862_resized.jpg,tree_as_5,0,0,9,1,0,1,1
Image_1863_resized.txt,Image_1863_resized.jpg,tree_as_5,0,0,28,0,0,1,1
Image_1864_resized.txt,Image_1864_resized.jpg,tree_as_5,3,7,17,0,0,1,1
Image_1865_resized.txt,Image_1865_resized.jpg,tree_as_5,2,0,5,0,0,1,1
Image_1866_resized.txt,Image_1866_resized.jpg,tree_as_5,1,0,4,0,0,1,1
Image_1867_resized.txt,Image_1867_resized.jpg,tree_as_5,2,0,30,0,0,1,1
Image_1868_resized.txt,Image_1868_resized.jpg,tree_as_5,5,0,27,0,0,1,1
Image_1869_resized.txt,Image_1869_resized.jpg,tree_as_5,4,0,42,0,0,1,1
Image_186_resized.txt,Image_186_resized.jpg,paper_order,1,2,0,22,7,13,0
Image_1870_resized.txt,Image_1870_resized.jpg,tree_as_5,2,0,15,0,0,1,1
Image_1871_resized.txt,Image_1871_resized.jpg,tree_as_5,1,0,4,0,0,1,1
Image_1872_resized.txt,Image_1872_resized.jpg,tree_as_5,1,2,28,0,0,1,1
Image_1873_resized.txt,Image_1873_resized.jpg,tree_as_5,4,0,13,0,0,1,1
Image_1874_resized.txt,Image_1874_resized.jpg,tree_as_5,2,0,14,0,0,1,1
Image_1875_resized.txt,Image_1875_resized.jpg,tree_as_5,5,2,21,0,0,1,1
Image_1876_resized.txt,Image_1876_resized.jpg,tree_as_5,2,0,8,0,0,1,1
Image_1877_resized.txt,Image_1877_resized.jpg,tree_as_5,1,0,27,0,0,1,1
Image_1878_resized.txt,Image_1878_resized.jpg,tree_as_5,5,0,19,0,0,1,1
Image_1879_resized.txt,Image_1879_resized.jpg,tree_as_5,0,0,17,0,0,1,1
Image_187_resized.txt,Image_187_resized.jpg,paper_order,1,1,0,10,7,19,0
Image_1880_resized.txt,Image_1880_resized.jpg,tree_as_5,1,0,8,0,0,1,1
Image_1881_resized.txt,Image_1881_resized.jpg,tree_as_5,4,0,9,0,0,1,1
Image_1882_resized.txt,Image_1882_resized.jpg,tree_as_5,1,0,4,0,0,1,1
Image_1883_resized.txt,Image_1883_resized.jpg,tree_as_5,1,0,6,0,0,1,1
Image_1884_resized.txt,Image_1884_resized.jpg,tree_as_5,0,0,12,0,0,1,1
Image_1885_resized.txt,Image_1885_resized.jpg,tree_as_5,2,0,6,0,0,1,1
Image_1886_resized.txt,Image_1886_resized.jpg,tree_as_5,5,0,5,0,0,1,1
Image_1887_resized.txt,Image_1887_resized.jpg,tree_as_5,2,0,5,0,0,1,1
Image_1888_resized.txt,Image_1888_resized.jpg,tree_as_5,0,0,6,0,0,1,1
Image_1889_resized.txt,Image_1889_resized.jpg,tree_as_5,1,0,9,0,0,1,1
Image_188_resized.txt,Image_188_resized.jpg,paper_order,1,16,0,3,12,1,0
Image_1890_resized.txt,Image_1890_resized.jpg,tree_as_5,3,5,8,0,0,1,1
Image_1891_resized.txt,Image_1891_resized.jpg,tree_as_5,2,0,7,3,0,1,1
Image_1892_resized.txt,Image_1892_resized.jpg,tree_as_5,0,0,11,1,0,1,1
Image_1893_resized.txt,Image_1893_resized.jpg,tree_as_5,1,0,9,1,0,1,1
Image_1894_resized.txt,Image_1894_resized.jpg,tree_as_5,2,0,5,0,0,1,1
Image_1895_resized.txt,Image_1895_resized.jpg,tree_as_5,0,0,4,0,0,1,1
Image_1896_resized.txt,Image_1896_resized.jpg,tree_as_5,2,0,15,1,0,1,1
Image_1897_resized.txt,Image_1897_resized.jpg,tree_as_5,1,0,13,0,0,1,1
Image_1898_resized.txt,Image_1898_resized.jpg,tree_as_5,0,0,4,0,0,1,1
Image_1899_resized.txt,Image_1899_resized.jpg,tree_as_5,2,0,10,0,0,1,1
Image_189_resized.txt,Image_189_resized.jpg,paper_order,1,8,0,0,9,0,0
Image_18_resized.txt,Image_18_resized.jpg,paper_order,1,35,5,77,41,10,0
Image_1900_resized.txt,Image_1900_resized.jpg,tree_as_5,2,0,13,1,0,1,1
Image_1901_resized.txt,Image_1901_resized.jpg,tree_as_5,2,0,13,0,0,1,1
Image_1902_resized.txt,Image_1902_resized.jpg,tree_as_5,4,0,16,0,0,1,1
Image_1903_resized.txt,Image_1903_resized.jpg,tree_as_5,2,0,13,0,2,1,1
Image_1904_resized.txt,Image_1904_resized.jpg,tree_as_5,0,0,8,0,1,1,1
Image_1905_resized.txt,Image_1905_resized.jpg,tree_as_5,2,0,3,0,0,1,1
Image_1906_resized.txt,Image_1906_resized.jpg,tree_as_5,0,0,5,0,0,1,1
Image_1907_resized.txt,Image_1907_resized.jpg,tree_as_5,2,0,4,0,0,1,1
Image_1908_resized.txt,Image_1908_resized.jpg,tree_as_5,0,0,2,0,0,1,1
Image_1909_resized.txt,Image_1909_resized.jpg,tree_as_5,0,0,1,0,0,1,1
Image_190_resized.txt,Image_190_resized.jpg,paper_order,1,5,0,2,13,8,0
Image_1910_resized.txt,Image_1910_resized.jpg,tree_as_5,1,0,10,1,0,1,1
Image_1911_resized.txt,Image_1911_resized.jpg,tree_as_5,1,0,2,0,0,1,1
Image_1912_resized.txt,Image_1912_resized.jpg,tree_as_5,1,0,14,0,0,1,1
Image_1913_resized.txt,Image_1913_resized.jpg,tree_as_5,0,0,6,0,0,1,1
Image_1914_resized.txt,Image_1914_resized.jpg,tree_as_5,1,0,9,0,0,1,1
Image_1915_resized.txt,Image_1915_resized.jpg,tree_as_5,1,0,5,0,0,1,1
Image_1916_resized.txt,Image_1916_resized.jpg,tree_as_5,4,0,3,0,0,1,1
Image_1917_resized.txt,Image_1917_resized.jpg,tree_as_5,6,3,7,0,0,1,1
Image_1918_resized.txt,Image_1918_resized.jpg,tree_as_5,2,0,3,0,0,1,1
Image_1919_resized.txt,Image_1919_resized.jpg,tree_as_5,6,0,20,0,0,1,1
Image_191_resized.txt,Image_191_resized.jpg,paper_order,1,9,0,3,11,10,0
Image_1920_resized.txt,Image_1920_resized.jpg,tree_as_5,6,0,12,0,0,1,1
Image_1921_resized.txt,Image_1921_resized.jpg,tree_as_5,3,0,7,0,0,1,1
Image_1922_resized.txt,Image_1922_resized.jpg,tree_as_5,2,0,5,0,0,1,1
Image_1923_resized.txt,Image_1923_resized.jpg,tree_as_5,4,0,6,0,0,1,1
Image_1924_resized.txt,Image_1924_resized.jpg,tree_as_5,5,0,7,0,0,1,1
Image_1925_resized.txt,Image_1925_resized.jpg,tree_as_5,3,0,9,0,0,1,1
Image_1926_resized.txt,Image_1926_resized.jpg,tree_as_5,7,1,3,0,0,1,1
Image_1927_resized.txt,Image_1927_resized.jpg,tree_as_5,0,0,13,0,0,1,1
Image_1928_resized.txt,Image_1928_resized.jpg,tree_as_5,1,0,5,0,0,1,1
Image_1929_resized.txt,Image_1929_resized.jpg,tree_as_5,1,0,8,0,0,1,1
Image_192_resized.txt,Image_192_resized.jpg,paper_order,1,3,0,0,0,53,0
Image_1930_resized.txt,Image_1930_resized.jpg,tree_as_5,1,1,5,1,1,1,1
Image_1931_resized.txt,Image_1931_resized.jpg,tree_as_5,0,0,36,0,0,1,1
Image_1932_resized.txt,Image_1932_resized.jpg,tree_as_5,1,0,24,0,3,1,1
Image_1933_resized.txt,Image_1933_resized.jpg,tree_as_5,2,0,10,0,5,1,1
Image_1934_resized.txt,Image_1934_resized.jpg,tree_as_5,2,0,17,0,0,1,1
Image_1935_resized.txt,Image_1935_resized.jpg,tree_as_5,0,0,31,0,0,1,1
Image_1936_resized.txt,Image_1936_resized.jpg,tree_as_5,1,0,10,0,0,1,1
Image_1937_resized.txt,Image_1937_resized.jpg,tree_as_5,4,0,7,0,0,1,1
Image_1938_resized.txt,Image_1938_resized.jpg,tree_as_5,2,0,17,0,0,1,1
Image_1939_resized.txt,Image_1939_resized.jpg,tree_as_5,3,0,7,0,0,1,1
Image_193_resized.txt,Image_193_resized.jpg,paper_order,1,9,0,3,6,9,0
Image_1940_resized.txt,Image_1940_resized.jpg,tree_as_5,5,0,7,0,0,1,1
Image_1941_resized.txt,Image_1941_resized.jpg,tree_as_5,5,0,10,0,0,1,1
Image_1942_resized.txt,Image_1942_resized.jpg,tree_as_5,4,0,1,0,0,1,1
Image_1943_resized.txt,Image_1943_resized.jpg,tree_as_5,1,0,2,0,0,1,1
Image_1944_resized.txt,Image_1944_resized.jpg,tree_as_5,3,0,10,0,0,1,1
Image_1945_resized.txt,Image_1945_resized.jpg,tree_as_5,1,0,4,0,0,1,1
Image_1946_resized.txt,Image_1946_resized.jpg,tree_as_5,0,0,2,0,0,1,1
Image_1947_resized.txt,Image_1947_resized.jpg,tree_as_5,5,0,17,0,0,1,1
Image_1948_resized.txt,Image_1948_resized.jpg,tree_as_5,1,0,24,0,0,1,1
Image_1949_resized.txt,Image_1949_resized.jpg,tree_as_5,2,0,25,0,0,1,1
Image_194_resized.txt,Image_194_resized.jpg,paper_order,1,1,0,0,0,40,0
Image_1950_resized.txt,Image_1950_resized.jpg,tree_as_5,1,0,11,0,0,1,1
Image_1951_resized.txt,Image_1951_resized.jpg,tree_as_5,1,0,3,0,0,1,1
Image_1952_resized.txt,Image_1952_resized.jpg,tree_as_5,1,0,8,0,0,1,1
Image_1953_resized.txt,Image_1953_resized.jpg,tree_as_5,2,0,15,0,0,1,1
Image_1954_resized.txt,Image_1954_resized.jpg,tree_as_5,0,0,18,0,0,1,1
Image_1955_resized.txt,Image_1955_resized.jpg,tree_as_5,2,0,13,0,0,1,1
Image_1956_resized.txt,Image_1956_resized.jpg,tree_as_5,1,0,6,0,0,1,1
Image_1957_resized.txt,Image_1957_resized.jpg,tree_as_5,3,0,18,0,0,1,1
Image_1958_resized.txt,Image_1958_resized.jpg,tree_as_5,3,0,12,1,0,1,1
Image_1959_resized.txt,Image_1959_resized.jpg,tree_as_5,2,0,11,0,0,1,1
Image_195_resized.txt,Image_195_resized.jpg,paper_order,1,6,0,1,5,0,0
Image_1960_resized.txt,Image_1960_resized.jpg,tree_as_5,0,0,9,0,0,1,1
Image_1961_resized.txt,Image_1961_resized.jpg,tree_as_5,3,1,3,0,1,1,1
Image_1962_resized.txt,Image_1962_resized.jpg,tree_as_5,4,0,14,0,0,1,1
Image_1963_resized.txt,Image_1963_resized.jpg,tree_as_5,0,0,16,0,0,1,1
Image_1964_resized.txt,Image_1964_resized.jpg,tree_as_5,2,0,2,0,0,1,1
Image_1965_resized.txt,Image_1965_resized.jpg,tree_as_5,0,0,12,1,1,1,1
Image_1966_resized.txt,Image_1966_resized.jpg,tree_as_5,0,0,9,0,0,1,1
Image_1967_resized.txt,Image_1967_resized.jpg,tree_as_5,0,0,10,0,0,1,1
Image_1968_resized.txt,Image_1968_resized.jpg,tree_as_5,0,0,6,0,0,1,1
Image_1969_resized.txt,Image_1969_resized.jpg,tree_as_5,0,0,3,0,0,1,1
Image_196_resized.txt,Image_196_resized.jpg,paper_order,1,10,0,0,0,16,0
Image_1970_resized.txt,Image_1970_resized.jpg,tree_as_5,1,0,0,2,0,1,1
Image_1971_resized.txt,Image_1971_resized.jpg,tree_as_5,5,0,29,0,0,1,1
Image_1972_resized.txt,Image_1972_resized.jpg,tree_as_5,3,0,25,0,0,1,1
Image_1973_resized.txt,Image_1973_resized.jpg,tree_as_5,6,0,37,0,0,1,1
Image_1974_resized.txt,Image_1974_resized.jpg,tree_as_5,0,0,16,0,0,1,1
Image_1975_resized.txt,Image_1975_resized.jpg,tree_as_5,2,0,8,0,0,1,1
Image_1976_resized.txt,Image_1976_resized.jpg,tree_as_5,5,0,6,0,0,1,1
Image_1977_resized.txt,Image_1977_resized.jpg,tree_as_5,2,0,22,0,0,1,1
Image_1978_resized.txt,Image_1978_resized.jpg,tree_as_5,1,0,11,0,0,1,1
Image_1979_resized.txt,Image_1979_resized.jpg,tree_as_5,4,0,17,0,0,1,1
Image_197_resized.txt,Image_197_resized.jpg,paper_order,1,2,4,5,5,15,0
Image_1980_resized.txt,Image_1980_resized.jpg,tree_as_5,4,0,7,0,0,1,1
Image_1981_resized.txt,Image_1981_resized.jpg,tree_as_5,4,0,10,0,0,1,1
Image_1982_resized.txt,Image_1982_resized.jpg,tree_as_5,3,0,15,0,0,1,1
Image_1983_resized.txt,Image_1983_resized.jpg,tree_as_5,5,0,6,0,0,1,1
Image_1984_resized.txt,Image_1984_resized.jpg,tree_as_5,3,0,7,0,0,1,1
Image_1985_resized.txt,Image_1985_resized.jpg,tree_as_5,1,0,13,0,0,1,1
Image_1986_resized.txt,Image_1986_resized.jpg,tree_as_5,2,0,17,0,0,1,1
Image_1987_resized.txt,Image_1987_resized.jpg,tree_as_5,2,0,16,0,0,1,1
Image_1988_resized.txt,Image_1988_resized.jpg,tree_as_5,3,0,11,0,0,1,1
Image_1989_resized.txt,Image_1989_resized.jpg,tree_as_5,0,0,6,0,0,1,1
Image_198_resized.txt,Image_198_resized.jpg,paper_order,1,11,0,0,0,58,0
Image_1990_resized.txt,Image_1990_resized.jpg,tree_as_5,1,0,13,0,0,1,1
Image_1991_resized.txt,Image_1991_resized.jpg,tree_as_5,1,0,7,0,0,1,1
Image_1992_resized.txt,Image_1992_resized.jpg,tree_as_5,1,0,22,0,0,1,1
Image_1993_resized.txt,Image_1993_resized.jpg,tree_as_5,1,0,20,0,0,1,1
Image_1994_resized.txt,Image_1994_resized.jpg,tree_as_5,1,0,6,0,0,1,1
Image_1995_resized.txt,Image_1995_resized.jpg,tree_as_5,3,0,1,0,0,1,1
Image_1996_resized.txt,Image_1996_resized.jpg,tree_as_5,0,0,6,0,0,1,1
Image_1997_resized.txt,Image_1997_resized.jpg,tree_as_5,0,0,4,0,0,1,1
Image_1998_resized.txt,Image_1998_resized.jpg,tree_as_5,0,0,8,0,0,1,1
Image_1999_resized.txt,Image_1999_resized.jpg,tree_as_5,0,0,3,0,0,1,1
Image_199_resized.txt,Image_199_resized.jpg,paper_order,1,5,0,0,0,33,0
Image_19_resized.txt,Image_19_resized.jpg,paper_order,1,15,2,46,27,6,0
Image_1_resized.txt,Image_1_resized.jpg,paper_order,1,8,0,27,7,16,0
Image_2000_resized.txt,Image_2000_resized.jpg,tree_as_5,1,0,3,0,0,1,1
Image_2001_resized.txt,Image_2001_resized.jpg,tree_as_5,1,0,2,0,0,1,1
Image_2002_resized.txt,Image_2002_resized.jpg,tree_as_5,1,0,7,0,0,1,1
Image_2003_resized.txt,Image_2003_resized.jpg,tree_as_5,0,0,24,0,0,1,1
Image_2004_resized.txt,Image_2004_resized.jpg,tree_as_5,0,0,23,0,0,1,1
Image_2005_resized.txt,Image_2005_resized.jpg,tree_as_5,0,0,18,0,0,1,1
Image_2006_resized.txt,Image_2006_resized.jpg,tree_as_5,0,0,9,0,0,1,1
Image_2007_resized.txt,Image_2007_resized.jpg,tree_as_5,1,0,11,0,0,1,1
Image_2008_resized.txt,Image_2008_resized.jpg,tree_as_5,2,0,3,0,0,1,1
Image_2009_resized.txt,Image_2009_resized.jpg,tree_as_5,0,0,7,0,0,1,1
Image_200_resized.txt,Image_200_resized.jpg,paper_order,1,0,0,10,7,13,0
Image_2010_resized.txt,Image_2010_resized.jpg,tree_as_5,0,0,16,0,0,1,1
Image_2011_resized.txt,Image_2011_resized.jpg,tree_as_5,0,0,14,0,0,1,1
Image_2012_resized.txt,Image_2012_resized.jpg,tree_as_5,1,0,13,0,0,1,1
Image_2013_resized.txt,Image_2013_resized.jpg,tree_as_5,0,0,19,0,0,1,1
Image_2014_resized.txt,Image_2014_resized.jpg,tree_as_5,1,0,3,0,0,1,1
Image_2015_resized.txt,Image_2015_resized.jpg,tree_as_5,0,0,4,0,0,1,1
Image_2016_resized.txt,Image_2016_resized.jpg,tree_as_5,1,0,6,0,0,1,1
Image_2017_resized.txt,Image_2017_resized.jpg,tree_as_5,1,0,5,0,0,1,1
Image_2018_resized.txt,Image_2018_resized.jpg,tree_as_5,0,0,4,0,0,1,1
Image_2019_resized.txt,Image_2019_resized.jpg,tree_as_5,0,0,10,0,0,1,1
Image_201_resized.txt,Image_201_resized.jpg,paper_order,1,2,0,1,0,52,0
Image_2020_resized.txt,Image_2020_resized.jpg,tree_as_5,0,0,9,0,0,1,1
Image_2021_resized.txt,Image_2021_resized.jpg,tree_as_5,0,0,3,0,0,1,1
Image_2022_resized.txt,Image_2022_resized.jpg,tree_as_5,0,0,1,1,0,1,1
Image_2023_resized.txt,Image_2023_resized.jpg,tree_as_5,0,0,5,0,0,1,1
Image_2024_resized.txt,Image_2024_resized.jpg,tree_as_5,3,0,6,0,0,1,1
Image_2025_resized.txt,Image_2025_resized.jpg,tree_as_5,4,0,5,0,0,1,1
Image_2026_resized.txt,Image_2026_resized.jpg,tree_as_5,5,5,1,0,0,1,1
Image_2027_resized.txt,Image_2027_resized.jpg,tree_as_5,4,0,4,0,0,1,1
Image_2028_resized.txt,Image_2028_resized.jpg,tree_as_5,0,0,12,0,0,1,1
Image_2029_resized.txt,Image_2029_resized.jpg,tree_as_5,1,0,2,0,0,1,1
Image_202_resized.txt,Image_202_resized.jpg,paper_order,1,0,0,6,5,25,0
Image_2030_resized.txt,Image_2030_resized.jpg,tree_as_5,1,0,4,0,0,1,1
Image_2031_resized.txt,Image_2031_resized.jpg,tree_as_5,1,0,2,0,0,1,1
Image_2032_resized.txt,Image_2032_resized.jpg,tree_as_5,1,3,0,0,0,1,1
Image_2033_resized.txt,Image_2033_resized.jpg,tree_as_5,1,0,7,0,0,1,1
Image_2034_resized.txt,Image_2034_resized.jpg,tree_as_5,0,0,31,0,0,1,1
Image_2035_resized.txt,Image_2035_resized.jpg,tree_as_5,0,0,26,0,0,1,1
Image_2036_resized.txt,Image_2036_resized.jpg,tree_as_5,0,0,11,0,0,1,1
Image_2037_resized.txt,Image_2037_resized.jpg,tree_as_5,0,0,7,0,0,1,1
Image_2038_resized.txt,Image_2038_resized.jpg,tree_as_5,0,0,16,0,0,1,1
Image_2039_resized.txt,Image_2039_resized.jpg,tree_as_5,0,0,6,0,5,1,1
Image_203_resized.txt,Image_203_resized.jpg,paper_order,1,0,0,0,0,19,0
Image_2040_resized.txt,Image_2040_resized.jpg,tree_as_5,2,0,16,0,0,1,1
Image_2041_resized.txt,Image_2041_resized.jpg,tree_as_5,0,0,8,0,0,1,1
Image_2042_resized.txt,Image_2042_resized.jpg,tree_as_5,0,0,29,0,0,1,1
Image_2043_resized.txt,Image_2043_resized.jpg,tree_as_5,0,0,22,0,0,1,1
Image_2044_resized.txt,Image_2044_resized.jpg,tree_as_5,0,0,18,0,1,1,1
Image_2045_resized.txt,Image_2045_resized.jpg,tree_as_5,0,0,31,0,0,1,1
Image_2046_resized.txt,Image_2046_resized.jpg,tree_as_5,2,0,9,0,0,1,1
Image_2047_resized.txt,Image_2047_resized.jpg,tree_as_5,2,0,22,0,0,1,1
Image_2048_resized.txt,Image_2048_resized.jpg,tree_as_5,0,0,32,0,0,1,1
Image_2049_resized.txt,Image_2049_resized.jpg,tree_as_5,3,0,17,0,0,1,1
Image_204_resized.txt,Image_204_resized.jpg,paper_order,1,2,0,17,10,8,0
Image_2050_resized.txt,Image_2050_resized.jpg,tree_as_5,0,0,11,0,0,1,1
Image_2051_resized.txt,Image_2051_resized.jpg,tree_as_5,1,0,11,0,0,1,1
Image_2052_resized.txt,Image_2052_resized.jpg,tree_as_5,1,0,9,0,0,1,1
Image_2053_resized.txt,Image_2053_resized.jpg,tree_as_5,2,0,35,0,0,1,1
Image_2054_resized.txt,Image_2054_resized.jpg,tree_as_5,0,0,18,0,0,1,1
Image_2055_resized.txt,Image_2055_resized.jpg,tree_as_5,0,0,13,0,0,1,1
Image_2056_resized.txt,Image_2056_resized.jpg,tree_as_5,0,0,16,0,0,1,1
Image_2057_resized.txt,Image_2057_resized.jpg,tree_as_5,0,0,29,0,0,1,1
Image_2058_resized.txt,Image_2058_resized.jpg,tree_as_5,0,0,10,0,0,1,1
Image_2059_resized.txt,Image_2059_resized.jpg,tree_as_5,3,0,17,0,0,1,1
Image_205_resized.txt,Image_205_resized.jpg,paper_order,1,30,1,0,0,92,0
Image_2060_resized.txt,Image_2060_resized.jpg,tree_as_5,0,0,14,0,0,1,1
Image_2061_resized.txt,Image_2061_resized.jpg,tree_as_5,4,0,28,0,0,1,1
Image_2062_resized.txt,Image_2062_resized.jpg,tree_as_5,1,0,24,0,0,1,1
Image_2063_resized.txt,Image_2063_resized.jpg,tree_as_5,3,0,36,0,0,1,1
Image_2064_resized.txt,Image_2064_resized.jpg,tree_as_5,2,0,23,0,0,1,1
Image_2065_resized.txt,Image_2065_resized.jpg,tree_as_5,0,0,24,0,0,1,1
Image_2066_resized.txt,Image_2066_resized.jpg,tree_as_5,1,0,19,0,0,1,1
Image_2067_resized.txt,Image_2067_resized.jpg,tree_as_5,2,0,24,0,4,1,1
Image_2068_resized.txt,Image_2068_resized.jpg,tree_as_5,3,0,29,0,0,1,1
Image_2069_resized.txt,Image_2069_resized.jpg,tree_as_5,1,0,20,0,2,1,1
Image_206_resized.txt,Image_206_resized.jpg,paper_order,2,0,0,21,7,8,0
Image_2070_resized.txt,Image_2070_resized.jpg,tree_as_5,0,0,13,0,0,1,1
Image_2071_resized.txt,Image_2071_resized.jpg,tree_as_5,3,0,15,0,0,1,1
Image_2072_resized.txt,Image_2072_resized.jpg,tree_as_5,0,0,14,0,0,1,1
Image_2073_resized.txt,Image_2073_resized.jpg,tree_as_5,1,0,15,0,0,1,1
Image_2074_resized.txt,Image_2074_resized.jpg,tree_as_5,0,0,14,0,0,1,1
Image_2075_resized.txt,Image_2075_resized.jpg,tree_as_5,4,0,53,0,0,1,1
Image_2076_resized.txt,Image_2076_resized.jpg,tree_as_5,7,0,20,0,0,1,1
Image_2077_resized.txt,Image_2077_resized.jpg,tree_as_5,4,0,68,0,0,1,1
Image_2078_resized.txt,Image_2078_resized.jpg,tree_as_5,7,0,35,0,0,1,1
Image_2079_resized.txt,Image_2079_resized.jpg,tree_as_5,1,0,35,0,0,1,1
Image_207_resized.txt,Image_207_resized.jpg,paper_order,1,8,0,0,0,38,0
Image_2080_resized.txt,Image_2080_resized.jpg,tree_as_5,4,0,33,0,0,1,1
Image_2081_resized.txt,Image_2081_resized.jpg,tree_as_5,1,0,8,0,0,1,1
Image_2082_resized.txt,Image_2082_resized.jpg,tree_as_5,2,0,11,0,2,1,1
Image_2083_resized.txt,Image_2083_resized.jpg,tree_as_5,14,14,0,0,0,1,1
Image_2084_resized.txt,Image_2084_resized.jpg,tree_as_5,8,15,0,0,0,1,1
Image_2085_resized.txt,Image_2085_resized.jpg,tree_as_5,2,11,0,0,0,1,1
Image_2086_resized.txt,Image_2086_resized.jpg,tree_as_5,7,4,0,0,0,1,1
Image_2087_resized.txt,Image_2087_resized.jpg,tree_as_5,4,27,0,0,7,1,1
Image_2088_resized.txt,Image_2088_resized.jpg,tree_as_5,4,29,1,0,1,1,1
Image_2089_resized.txt,Image_2089_resized.jpg,tree_as_5,6,23,0,0,1,1,1
Image_208_resized.txt,Image_208_resized.jpg,paper_order,1,0,0,1,9,34,0
Image_2090_resized.txt,Image_2090_resized.jpg,tree_as_5,7,27,0,0,0,1,1
Image_2091_resized.txt,Image_2091_resized.jpg,tree_as_5,2,18,0,0,0,1,1
Image_2092_resized.txt,Image_2092_resized.jpg,tree_as_5,4,15,0,0,0,1,1
Image_2093_resized.txt,Image_2093_resized.jpg,tree_as_5,1,11,0,0,4,1,1
Image_2094_resized.txt,Image_2094_resized.jpg,tree_as_5,3,2,1,0,5,1,1
Image_2095_resized.txt,Image_2095_resized.jpg,tree_as_5,1,2,5,0,2,1,1
Image_2096_resized.txt,Image_2096_resized.jpg,tree_as_5,0,0,7,0,1,1,1
Image_2097_resized.txt,Image_2097_resized.jpg,tree_as_5,5,7,5,0,1,1,1
Image_2098_resized.txt,Image_2098_resized.jpg,tree_as_5,5,5,15,0,7,1,1
Image_2099_resized.txt,Image_2099_resized.jpg,tree_as_5,0,4,8,0,0,1,1
Image_209_resized.txt,Image_209_resized.jpg,paper_order,1,12,0,0,0,54,0
Image_20_resized.txt,Image_20_resized.jpg,paper_order,1,41,3,68,33,7,0
Image_2100_resized.txt,Image_2100_resized.jpg,tree_as_5,5,2,3,0,0,1,1
Image_2101_resized.txt,Image_2101_resized.jpg,tree_as_5,2,1,12,0,3,1,1
Image_2102_resized.txt,Image_2102_resized.jpg,tree_as_5,3,3,21,0,3,1,1
Image_2103_resized.txt,Image_2103_resized.jpg,tree_as_5,13,7,11,0,0,1,1
Image_2104_resized.txt,Image_2104_resized.jpg,tree_as_5,3,0,10,0,0,1,1
Image_2105_resized.txt,Image_2105_resized.jpg,tree_as_5,0,0,15,0,3,1,1
Image_2106_resized.txt,Image_2106_resized.jpg,tree_as_5,5,0,32,0,1,1,1
Image_2107_resized.txt,Image_2107_resized.jpg,tree_as_5,8,2,19,0,2,1,1
Image_2108_resized.txt,Image_2108_resized.jpg,tree_as_5,4,0,10,0,0,1,1
Image_2109_resized.txt,Image_2109_resized.jpg,tree_as_5,0,0,6,0,1,1,1
Image_210_resized.txt,Image_210_resized.jpg,paper_order,1,0,0,2,3,28,0
Image_2110_resized.txt,Image_2110_resized.jpg,tree_as_5,0,0,8,0,0,1,1
Image_2111_resized.txt,Image_2111_resized.jpg,tree_as_5,12,1,78,0,2,1,1
Image_2112_resized.txt,Image_2112_resized.jpg,tree_as_5,1,2,23,0,2,1,1
Image_2113_resized.txt,Image_2113_resized.jpg,tree_as_5,7,11,11,0,2,1,1
Image_2114_resized.txt,Image_2114_resized.jpg,tree_as_5,4,1,10,0,0,1,1
Image_2115_resized.txt,Image_2115_resized.jpg,tree_as_5,3,2,26,0,0,1,1
Image_2116_resized.txt,Image_2116_resized.jpg,tree_as_5,17,4,48,1,0,1,1
Image_2117_resized.txt,Image_2117_resized.jpg,tree_as_5,10,6,23,0,0,1,1
Image_2118_resized.txt,Image_2118_resized.jpg,tree_as_5,7,7,0,0,0,1,1
Image_2119_resized.txt,Image_2119_resized.jpg,tree_as_5,5,0,6,0,0,1,1
Image_211_resized.txt,Image_211_resized.jpg,paper_order,1,9,0,0,0,39,0
Image_2120_resized.txt,Image_2120_resized.jpg,tree_as_5,6,0,14,0,0,1,1
Image_2121_resized.txt,Image_2121_resized.jpg,tree_as_5,1,0,4,0,0,1,1
Image_2122_resized.txt,Image_2122_resized.jpg,tree_as_5,6,0,10,0,0,1,1
Image_2123_resized.txt,Image_2123_resized.jpg,tree_as_5,0,1,5,0,0,1,1
Image_2124_resized.txt,Image_2124_resized.jpg,tree_as_5,0,0,6,0,1,1,1
Image_2125_resized.txt,Image_2125_resized.jpg,tree_as_5,7,4,23,0,0,1,1
Image_2126_resized.txt,Image_2126_resized.jpg,tree_as_5,3,0,43,0,0,1,1
Image_2127_resized.txt,Image_2127_resized.jpg,tree_as_5,6,4,29,0,2,1,1
Image_2128_resized.txt,Image_2128_resized.jpg,tree_as_5,5,2,14,0,2,1,1
Image_2129_resized.txt,Image_2129_resized.jpg,tree_as_5,5,2,4,0,0,1,1
Image_212_resized.txt,Image_212_resized.jpg,paper_order,1,2,0,28,25,77,0
Image_2130_resized.txt,Image_2130_resized.jpg,tree_as_5,8,0,9,0,0,1,1
Image_2131_resized.txt,Image_2131_resized.jpg,tree_as_5,7,0,7,0,7,1,1
Image_2132_resized.txt,Image_2132_resized.jpg,tree_as_5,5,1,10,0,7,1,1
Image_2133_resized.txt,Image_2133_resized.jpg,tree_as_5,3,0,18,0,5,1,1
Image_2134_resized.txt,Image_2134_resized.jpg,tree_as_5,4,6,9,0,1,1,1
Image_2135_resized.txt,Image_2135_resized.jpg,tree_as_5,5,1,16,0,0,1,1
Image_2136_resized.txt,Image_2136_resized.jpg,tree_as_5,2,0,7,0,1,1,1
Image_2137_resized.txt,Image_2137_resized.jpg,tree_as_5,6,1,13,0,0,1,1
Image_2138_resized.txt,Image_2138_resized.jpg,tree_as_5,2,5,8,0,0,1,1
Image_2139_resized.txt,Image_2139_resized.jpg,tree_as_5,1,0,27,0,0,1,1
Image_213_resized.txt,Image_213_resized.jpg,paper_order,1,3,0,0,0,28,0
Image_2140_resized.txt,Image_2140_resized.jpg,tree_as_5,4,3,9,0,4,1,1
Image_2141_resized.txt,Image_2141_resized.jpg,tree_as_5,3,2,45,0,4,1,1
Image_2142_resized.txt,Image_2142_resized.jpg,tree_as_5,2,3,13,0,0,1,1
Image_2143_resized.txt,Image_2143_resized.jpg,paper_order,6,3,26,0,0,1,0
Image_2144_resized.txt,Image_2144_resized.jpg,tree_as_5,9,9,1,0,3,1,1
Image_2145_resized.txt,Image_2145_resized.jpg,tree_as_5,5,1,8,0,0,1,1
Image_2146_resized.txt,Image_2146_resized.jpg,tree_as_5,0,0,7,0,3,1,1
Image_2147_resized.txt,Image_2147_resized.jpg,tree_as_5,4,7,15,0,1,1,1
Image_2148_resized.txt,Image_2148_resized.jpg,paper_order,5,5,18,0,1,1,0
Image_2149_resized.txt,Image_2149_resized.jpg,tree_as_5,4,0,23,0,0,1,1
Image_214_resized.txt,Image_214_resized.jpg,paper_order,1,0,0,10,10,53,0
Image_2150_resized.txt,Image_2150_resized.jpg,tree_as_5,8,9,12,0,0,1,1
Image_2151_resized.txt,Image_2151_resized.jpg,paper_order,2,0,22,0,0,0,0
Image_2152_resized.txt,Image_2152_resized.jpg,tree_as_5,4,0,18,1,1,1,1
Image_2153_resized.txt,Image_2153_resized.jpg,tree_as_5,5,1,24,0,4,1,1
Image_2154_resized.txt,Image_2154_resized.jpg,tree_as_5,1,0,7,0,0,1,1
Image_2155_resized.txt,Image_2155_resized.jpg,paper_order,3,1,37,1,1,1,0
Image_2156_resized.txt,Image_2156_resized.jpg,tree_as_5,3,3,14,0,0,1,1
Image_2157_resized.txt,Image_2157_resized.jpg,tree_as_5,1,0,14,0,0,1,1
Image_2158_resized.txt,Image_2158_resized.jpg,tree_as_5,3,1,18,0,0,1,1
Image_2159_resized.txt,Image_2159_resized.jpg,tree_as_5,3,0,27,0,7,1,1
Image_215_resized.txt,Image_215_resized.jpg,paper_order,1,0,0,7,7,29,0
Image_2160_resized.txt,Image_2160_resized.jpg,tree_as_5,2,2,20,0,2,1,1
Image_2161_resized.txt,Image_2161_resized.jpg,tree_as_5,0,0,11,0,0,1,1
Image_2162_resized.txt,Image_2162_resized.jpg,paper_order,3,0,3,0,4,1,0
Image_2163_resized.txt,Image_2163_resized.jpg,tree_as_5,3,1,11,0,0,1,1
Image_2164_resized.txt,Image_2164_resized.jpg,tree_as_5,1,0,12,0,0,1,1
Image_2165_resized.txt,Image_2165_resized.jpg,tree_as_5,0,0,16,0,0,1,1
Image_2166_resized.txt,Image_2166_resized.jpg,tree_as_5,0,0,14,0,1,1,1
Image_2167_resized.txt,Image_2167_resized.jpg,tree_as_5,4,0,27,0,0,1,1
Image_2168_resized.txt,Image_2168_resized.jpg,paper_order,2,0,27,0,0,0,0
Image_2169_resized.txt,Image_2169_resized.jpg,tree_as_5,1,0,18,0,0,1,1
Image_216_resized.txt,Image_216_resized.jpg,paper_order,1,0,0,1,3,32,0
Image_2170_resized.txt,Image_2170_resized.jpg,tree_as_5,0,0,5,0,0,1,1
Image_2171_resized.txt,Image_2171_resized.jpg,tree_as_5,4,8,10,0,5,1,1
Image_2172_resized.txt,Image_2172_resized.jpg,tree_as_5,7,12,11,0,5,1,1
Image_2173_resized.txt,Image_2173_resized.jpg,tree_as_5,7,7,10,0,0,1,1
Image_2174_resized.txt,Image_2174_resized.jpg,tree_as_5,4,0,28,0,2,1,1
Image_2175_resized.txt,Image_2175_resized.jpg,tree_as_5,2,3,26,0,0,1,1
Image_2176_resized.txt,Image_2176_resized.jpg,tree_as_5,6,4,41,0,0,1,1
Image_2177_resized.txt,Image_2177_resized.jpg,tree_as_5,3,8,34,0,2,1,1
Image_2178_resized.txt,Image_2178_resized.jpg,tree_as_5,2,6,13,0,0,1,1
Image_2179_resized.txt,Image_2179_resized.jpg,tree_as_5,2,7,3,0,0,1,1
Image_217_resized.txt,Image_217_resized.jpg,paper_order,1,19,15,0,0,45,0
Image_2180_resized.txt,Image_2180_resized.jpg,tree_as_5,6,0,26,0,1,1,1
Image_2181_resized.txt,Image_2181_resized.jpg,tree_as_5,0,2,20,0,0,1,1
Image_2182_resized.txt,Image_2182_resized.jpg,tree_as_5,3,0,22,0,0,1,1
Image_2183_resized.txt,Image_2183_resized.jpg,tree_as_5,8,0,31,0,0,1,1
Image_2184_resized.txt,Image_2184_resized.jpg,tree_as_5,8,0,13,0,0,1,1
Image_2185_resized.txt,Image_2185_resized.jpg,tree_as_5,4,1,10,0,0,1,1
Image_2186_resized.txt,Image_2186_resized.jpg,tree_as_5,5,0,20,0,1,1,1
Image_2187_resized.txt,Image_2187_resized.jpg,tree_as_5,4,1,15,0,0,1,1
Image_2188_resized.txt,Image_2188_resized.jpg,tree_as_5,0,0,17,0,0,1,1
Image_2189_resized.txt,Image_2189_resized.jpg,tree_as_5,0,0,20,0,0,1,1
Image_218_resized.txt,Image_218_resized.jpg,paper_order,1,0,0,2,3,24,0
Image_2190_resized.txt,Image_2190_resized.jpg,tree_as_5,0,0,13,0,1,1,1
Image_2191_resized.txt,Image_2191_resized.jpg,tree_as_5,2,0,12,0,0,1,1
Image_2192_resized.txt,Image_2192_resized.jpg,tree_as_5,4,0,13,0,1,1,1
Image_2193_resized.txt,Image_2193_resized.jpg,tree_as_5,5,0,18,0,2,1,1
Image_2194_resized.txt,Image_2194_resized.jpg,tree_as_5,10,22,34,0,1,1,1
Image_2195_resized.txt,Image_2195_resized.jpg,tree_as_5,8,8,6,0,1,1,1
Image_2196_resized.txt,Image_2196_resized.jpg,tree_as_5,6,16,30,0,1,1,1
Image_2197_resized.txt,Image_2197_resized.jpg,tree_as_5,7,7,30,0,0,1,1
Image_2198_resized.txt,Image_2198_resized.jpg,tree_as_5,11,4,15,0,0,1,1
Image_2199_resized.txt,Image_2199_resized.jpg,tree_as_5,11,0,11,0,0,1,1
Image_219_resized.txt,Image_219_resized.jpg,paper_order,1,25,10,0,0,29,0
Image_21_resized.txt,Image_21_resized.jpg,paper_order,1,35,16,57,25,5,0
Image_2200_resized.txt,Image_2200_resized.jpg,tree_as_5,6,0,38,1,1,1,1
Image_2201_resized.txt,Image_2201_resized.jpg,tree_as_5,1,0,19,0,0,1,1
Image_2202_resized.txt,Image_2202_resized.jpg,tree_as_5,2,1,15,0,0,1,1
Image_2203_resized.txt,Image_2203_resized.jpg,tree_as_5,12,10,7,0,0,1,1
Image_2204_resized.txt,Image_2204_resized.jpg,tree_as_5,6,0,6,0,0,1,1
Image_2205_resized.txt,Image_2205_resized.jpg,tree_as_5,5,1,9,0,3,1,1
Image_2206_resized.txt,Image_2206_resized.jpg,tree_as_5,7,12,8,0,6,1,1
Image_2207_resized.txt,Image_2207_resized.jpg,tree_as_5,4,16,2,0,2,1,1
Image_2208_resized.txt,Image_2208_resized.jpg,paper_order,9,7,8,0,0,1,0
Image_2209_resized.txt,Image_2209_resized.jpg,tree_as_5,7,10,3,0,0,1,1
Image_220_resized.txt,Image_220_resized.jpg,paper_order,1,0,0,0,2,53,0
Image_2210_resized.txt,Image_2210_resized.jpg,paper_order,4,0,19,0,0,1,0
Image_2211_resized.txt,Image_2211_resized.jpg,tree_as_5,9,8,4,0,0,1,1
Image_2212_resized.txt,Image_2212_resized.jpg,tree_as_5,8,4,3,0,0,1,1
Image_2213_resized.txt,Image_2213_resized.jpg,tree_as_5,14,0,23,0,0,1,1
Image_2214_resized.txt,Image_2214_resized.jpg,paper_order,7,0,10,0,1,1,0
Image_2215_resized.txt,Image_2215_resized.jpg,tree_as_5,3,0,21,0,0,1,1
Image_2216_resized.txt,Image_2216_resized.jpg,tree_as_5,10,0,24,0,0,1,1
Image_2217_resized.txt,Image_2217_resized.jpg,tree_as_5,2,0,8,0,0,1,1
Image_2218_resized.txt,Image_2218_resized.jpg,paper_order,2,0,13,0,0,0,0
Image_2219_resized.txt,Image_2219_resized.jpg,tree_as_5,4,0,13,0,1,1,1
Image_221_resized.txt,Image_221_resized.jpg,paper_order,1,18,4,0,0,45,0
Image_2220_resized.txt,Image_2220_resized.jpg,tree_as_5,3,0,15,0,0,1,1
Image_2221_resized.txt,Image_2221_resized.jpg,tree_as_5,2,1,8,0,0,1,1
Image_2222_resized.txt,Image_2222_resized.jpg,tree_as_5,4,0,11,0,0,1,1
Image_2223_resized.txt,Image_2223_resized.jpg,tree_as_5,4,0,20,0,0,1,1
Image_2224_resized.txt,Image_2224_resized.jpg,tree_as_5,10,0,14,0,1,1,1
Image_2225_resized.txt,Image_2225_resized.jpg,tree_as_5,6,0,28,0,0,1,1
Image_2226_resized.txt,Image_2226_resized.jpg,tree_as_5,2,0,19,0,1,1,1
Image_2227_resized.txt,Image_2227_resized.jpg,tree_as_5,0,0,11,0,0,1,1
Image_2228_resized.txt,Image_2228_resized.jpg,tree_as_5,2,0,10,0,0,1,1
Image_2229_resized.txt,Image_2229_resized.jpg,tree_as_5,3,0,35,0,0,1,1
Image_222_resized.txt,Image_222_resized.jpg,paper_order,1,0,0,3,6,19,0
Image_2230_resized.txt,Image_2230_resized.jpg,paper_order,5,0,14,0,1,1,0
Image_2231_resized.txt,Image_2231_resized.jpg,tree_as_5,10,0,27,0,0,1,1
Image_2232_resized.txt,Image_2232_resized.jpg,tree_as_5,6,0,22,0,0,1,1
Image_2233_resized.txt,Image_2233_resized.jpg,tree_as_5,6,1,27,0,0,1,1
Image_2234_resized.txt,Image_2234_resized.jpg,tree_as_5,7,0,17,0,0,1,1
Image_2235_resized.txt,Image_2235_resized.jpg,tree_as_5,0,0,9,0,0,1,1
Image_2236_resized.txt,Image_2236_resized.jpg,tree_as_5,0,0,5,0,0,1,1
Image_2237_resized.txt,Image_2237_resized.jpg,tree_as_5,4,4,22,0,1,1,1
Image_2238_resized.txt,Image_2238_resized.jpg,paper_order,2,0,8,0,0,1,0
Image_2239_resized.txt,Image_2239_resized.jpg,tree_as_5,0,2,12,0,2,1,1
Image_223_resized.txt,Image_223_resized.jpg,paper_order,1,2,9,0,0,83,0
Image_2240_resized.txt,Image_2240_resized.jpg,tree_as_5,3,1,17,0,1,1,1
Image_2241_resized.txt,Image_2241_resized.jpg,paper_order,4,5,5,0,0,1,0
Image_2242_resized.txt,Image_2242_resized.jpg,tree_as_5,1,7,3,0,4,1,1
Image_2243_resized.txt,Image_2243_resized.jpg,tree_as_5,8,3,4,0,0,1,1
Image_2244_resized.txt,Image_2244_resized.jpg,tree_as_5,3,2,6,0,0,1,1
Image_2245_resized.txt,Image_2245_resized.jpg,tree_as_5,0,4,0,0,0,1,1
Image_2246_resized.txt,Image_2246_resized.jpg,tree_as_5,0,0,3,1,0,1,1
Image_2247_resized.txt,Image_2247_resized.jpg,tree_as_5,6,5,0,0,0,1,1
Image_2248_resized.txt,Image_2248_resized.jpg,tree_as_5,9,9,1,0,0,1,1
Image_2249_resized.txt,Image_2249_resized.jpg,tree_as_5,2,3,5,0,5,1,1
Image_224_resized.txt,Image_224_resized.jpg,paper_order,1,0,0,1,8,13,0
Image_2250_resized.txt,Image_2250_resized.jpg,paper_order,0,2,10,0,2,1,0
Image_2251_resized.txt,Image_2251_resized.jpg,tree_as_5,0,0,14,0,0,1,1
Image_2252_resized.txt,Image_2252_resized.jpg,tree_as_5,0,2,9,3,0,1,1
Image_2253_resized.txt,Image_2253_resized.jpg,tree_as_5,0,1,6,1,0,1,1
Image_2254_resized.txt,Image_2254_resized.jpg,paper_order,0,0,10,0,0,1,0
Image_2255_resized.txt,Image_2255_resized.jpg,tree_as_5,6,0,12,0,0,1,1
Image_2256_resized.txt,Image_2256_resized.jpg,tree_as_5,0,2,4,0,0,1,1
Image_2257_resized.txt,Image_2257_resized.jpg,tree_as_5,5,1,13,0,0,1,1
Image_2258_resized.txt,Image_2258_resized.jpg,tree_as_5,2,1,33,0,0,1,1
Image_2259_resized.txt,Image_2259_resized.jpg,tree_as_5,9,2,7,0,0,1,1
Image_225_resized.txt,Image_225_resized.jpg,paper_order,1,30,0,0,0,69,0
Image_2260_resized.txt,Image_2260_resized.jpg,tree_as_5,5,2,16,0,0,1,1
Image_2261_resized.txt,Image_2261_resized.jpg,tree_as_5,5,0,10,0,0,1,1
Image_2262_resized.txt,Image_2262_resized.jpg,tree_as_5,4,2,23,0,0,1,1
Image_2263_resized.txt,Image_2263_resized.jpg,tree_as_5,6,0,15,1,0,1,1
Image_2264_resized.txt,Image_2264_resized.jpg,tree_as_5,12,7,10,0,0,1,1
Image_2265_resized.txt,Image_2265_resized.jpg,tree_as_5,11,1,13,0,0,1,1
Image_2266_resized.txt,Image_2266_resized.jpg,tree_as_5,13,0,18,0,0,1,1
Image_2267_resized.txt,Image_2267_resized.jpg,tree_as_5,0,0,9,0,0,1,1
Image_2268_resized.txt,Image_2268_resized.jpg,tree_as_5,0,2,5,0,0,1,1
Image_2269_resized.txt,Image_2269_resized.jpg,tree_as_5,0,0,2,0,0,1,1
Image_226_resized.txt,Image_226_resized.jpg,paper_order,1,3,0,14,12,8,0
Image_2270_resized.txt,Image_2270_resized.jpg,tree_as_5,2,0,7,0,0,1,1
Image_2271_resized.txt,Image_2271_resized.jpg,paper_order,3,11,2,0,0,1,0
Image_2272_resized.txt,Image_2272_resized.jpg,paper_order,9,0,8,0,0,1,0
Image_2273_resized.txt,Image_2273_resized.jpg,tree_as_5,7,2,10,0,4,1,1
Image_2274_resized.txt,Image_2274_resized.jpg,tree_as_5,0,3,10,0,2,2,1
Image_2275_resized.txt,Image_2275_resized.jpg,tree_as_5,9,4,20,0,0,1,1
Image_2276_resized.txt,Image_2276_resized.jpg,tree_as_5,5,7,9,0,3,1,1
Image_2277_resized.txt,Image_2277_resized.jpg,tree_as_5,1,0,4,0,6,1,1
Image_2278_resized.txt,Image_2278_resized.jpg,tree_as_5,2,4,8,0,12,1,1
Image_2279_resized.txt,Image_2279_resized.jpg,tree_as_5,2,6,0,0,2,1,1
Image_227_resized.txt,Image_227_resized.jpg,paper_order,9,18,0,0,0,38,0
Image_2280_resized.txt,Image_2280_resized.jpg,tree_as_5,1,8,7,0,3,1,1
Image_2281_resized.txt,Image_2281_resized.jpg,paper_order,4,8,0,0,0,0,0
Image_2282_resized.txt,Image_2282_resized.jpg,tree_as_5,2,5,4,0,11,1,1
Image_2283_resized.txt,Image_2283_resized.jpg,tree_as_5,2,4,3,0,0,1,1
Image_2284_resized.txt,Image_2284_resized.jpg,paper_order,1,5,6,0,5,1,0
Image_2285_resized.txt,Image_2285_resized.jpg,tree_as_5,1,0,5,3,5,1,1
Image_2286_resized.txt,Image_2286_resized.jpg,tree_as_5,2,2,1,0,4,1,1
Image_2287_resized.txt,Image_2287_resized.jpg,tree_as_5,3,3,0,0,0,1,1
Image_2288_resized.txt,Image_2288_resized.jpg,tree_as_5,4,2,3,0,0,1,1
Image_2289_resized.txt,Image_2289_resized.jpg,paper_order,4,17,7,0,1,0,0
Image_228_resized.txt,Image_228_resized.jpg,paper_order,1,0,0,9,12,40,0
Image_2290_resized.txt,Image_2290_resized.jpg,tree_as_5,2,9,5,0,3,1,1
Image_2291_resized.txt,Image_2291_resized.jpg,tree_as_5,1,12,5,2,0,1,1
Image_2292_resized.txt,Image_2292_resized.jpg,tree_as_5,2,5,0,0,1,1,1
Image_2293_resized.txt,Image_2293_resized.jpg,tree_as_5,3,16,3,0,4,1,1
Image_2294_resized.txt,Image_2294_resized.jpg,paper_order,1,0,0,2,7,15,0
Image_2295_resized.txt,Image_2295_resized.jpg,tree_as_5,1,3,4,0,4,1,1
Image_2296_resized.txt,Image_2296_resized.jpg,tree_as_5,3,7,0,0,0,1,1
Image_2297_resized.txt,Image_2297_resized.jpg,tree_as_5,2,1,4,0,0,1,1
Image_2298_resized.txt,Image_2298_resized.jpg,tree_as_5,6,0,15,0,0,1,1
Image_2299_resized.txt,Image_2299_resized.jpg,tree_as_5,3,0,25,0,0,1,1
Image_229_resized.txt,Image_229_resized.jpg,paper_order,1,7,0,0,1,42,0
Image_22_resized.txt,Image_22_resized.jpg,paper_order,1,43,11,29,44,1,0
Image_2300_resized.txt,Image_2300_resized.jpg,tree_as_5,2,0,28,1,0,1,1
Image_2301_resized.txt,Image_2301_resized.jpg,tree_as_5,2,0,12,0,0,1,1
Image_2302_resized.txt,Image_2302_resized.jpg,tree_as_5,2,0,13,0,0,1,1
Image_2303_resized.txt,Image_2303_resized.jpg,tree_as_5,2,0,10,0,0,1,1
Image_2304_resized.txt,Image_2304_resized.jpg,tree_as_5,5,0,10,0,0,1,1
Image_2305_resized.txt,Image_2305_resized.jpg,tree_as_5,3,0,11,0,0,1,1
Image_2306_resized.txt,Image_2306_resized.jpg,tree_as_5,2,0,14,0,0,1,1
Image_2307_resized.txt,Image_2307_resized.jpg,tree_as_5,3,0,14,0,0,1,1
Image_2308_resized.txt,Image_2308_resized.jpg,tree_as_5,2,0,4,0,1,1,1
Image_2309_resized.txt,Image_2309_resized.jpg,tree_as_5,0,0,7,0,1,1,1
Image_230_resized.txt,Image_230_resized.jpg,paper_order,1,0,0,6,10,22,0
Image_2310_resized.txt,Image_2310_resized.jpg,tree_as_5,4,0,15,0,0,1,1
Image_2311_resized.txt,Image_2311_resized.jpg,tree_as_5,3,0,9,0,0,1,1
Image_2312_resized.txt,Image_2312_resized.jpg,tree_as_5,1,0,10,0,0,1,1
Image_2313_resized.txt,Image_2313_resized.jpg,tree_as_5,2,0,14,0,0,1,1
Image_2314_resized.txt,Image_2314_resized.jpg,tree_as_5,2,0,1,0,0,1,1
Image_2315_resized.txt,Image_2315_resized.jpg,tree_as_5,2,0,16,0,0,1,1
Image_2316_resized.txt,Image_2316_resized.jpg,paper_order,1,1,7,0,0,0,0
Image_2317_resized.txt,Image_2317_resized.jpg,tree_as_5,4,2,16,0,3,1,1
Image_2318_resized.txt,Image_2318_resized.jpg,paper_order,2,1,11,0,0,1,0
Image_2319_resized.txt,Image_2319_resized.jpg,tree_as_5,1,2,9,0,1,1,1
Image_231_resized.txt,Image_231_resized.jpg,paper_order,1,25,0,0,0,65,0
Image_2320_resized.txt,Image_2320_resized.jpg,tree_as_5,2,4,16,0,1,1,1
Image_2321_resized.txt,Image_2321_resized.jpg,tree_as_5,2,0,3,0,0,1,1
Image_2322_resized.txt,Image_2322_resized.jpg,tree_as_5,1,2,5,0,5,1,1
Image_2323_resized.txt,Image_2323_resized.jpg,tree_as_5,4,0,24,0,0,1,1
Image_2324_resized.txt,Image_2324_resized.jpg,tree_as_5,8,3,17,0,3,1,1
Image_2325_resized.txt,Image_2325_resized.jpg,tree_as_5,2,0,4,0,0,1,1
Image_2326_resized.txt,Image_2326_resized.jpg,tree_as_5,1,6,0,0,0,1,1
Image_2327_resized.txt,Image_2327_resized.jpg,tree_as_5,6,2,16,0,2,1,1
Image_2328_resized.txt,Image_2328_resized.jpg,tree_as_5,1,1,14,0,1,1,1
Image_2329_resized.txt,Image_2329_resized.jpg,tree_as_5,0,1,12,0,3,1,1
Image_232_resized.txt,Image_232_resized.jpg,paper_order,1,8,1,3,3,11,0
Image_2330_resized.txt,Image_2330_resized.jpg,paper_order,3,4,10,0,1,0,0
Image_2331_resized.txt,Image_2331_resized.jpg,tree_as_5,8,4,3,1,0,1,1
Image_2332_resized.txt,Image_2332_resized.jpg,tree_as_5,3,4,8,0,2,1,1
Image_2333_resized.txt,Image_2333_resized.jpg,tree_as_5,2,1,9,0,3,1,1
Image_2334_resized.txt,Image_2334_resized.jpg,tree_as_5,3,2,34,1,3,1,1
Image_2335_resized.txt,Image_2335_resized.jpg,tree_as_5,3,1,33,0,1,1,1
Image_2336_resized.txt,Image_2336_resized.jpg,tree_as_5,3,0,5,0,2,1,1
Image_2337_resized.txt,Image_2337_resized.jpg,tree_as_5,4,10,1,0,0,1,1
Image_2338_resized.txt,Image_2338_resized.jpg,tree_as_5,1,0,10,0,2,1,1
Image_2339_resized.txt,Image_2339_resized.jpg,tree_as_5,4,3,14,0,3,1,1
Image_233_resized.txt,Image_233_resized.jpg,paper_order,1,12,0,0,0,33,0
Image_2340_resized.txt,Image_2340_resized.jpg,tree_as_5,4,4,9,0,3,1,1
Image_2341_resized.txt,Image_2341_resized.jpg,tree_as_5,14,18,10,0,2,1,1
Image_2342_resized.txt,Image_2342_resized.jpg,tree_as_5,9,10,8,0,0,1,1
Image_2343_resized.txt,Image_2343_resized.jpg,tree_as_5,0,6,11,0,2,1,1
Image_2344_resized.txt,Image_2344_resized.jpg,tree_as_5,2,6,8,0,4,1,1
Image_2345_resized.txt,Image_2345_resized.jpg,tree_as_5,3,4,5,0,1,1,1
Image_2346_resized.txt,Image_2346_resized.jpg,tree_as_5,1,5,0,0,0,1,1
Image_2347_resized.txt,Image_2347_resized.jpg,tree_as_5,3,3,18,0,0,1,1
Image_2348_resized.txt,Image_2348_resized.jpg,tree_as_5,2,11,10,0,0,1,1
Image_2349_resized.txt,Image_2349_resized.jpg,tree_as_5,4,0,5,0,0,1,1
Image_234_resized.txt,Image_234_resized.jpg,paper_order,1,2,0,0,0,16,0
Image_2350_resized.txt,Image_2350_resized.jpg,tree_as_5,0,4,6,0,0,1,1
Image_2351_resized.txt,Image_2351_resized.jpg,tree_as_5,0,0,5,0,0,1,1
Image_2352_resized.txt,Image_2352_resized.jpg,tree_as_5,2,0,10,0,2,1,1
Image_2353_resized.txt,Image_2353_resized.jpg,tree_as_5,0,1,3,0,0,1,1
Image_2354_resized.txt,Image_2354_resized.jpg,tree_as_5,0,0,4,0,1,1,1
Image_2355_resized.txt,Image_2355_resized.jpg,tree_as_5,1,0,3,0,1,1,1
Image_2356_resized.txt,Image_2356_resized.jpg,tree_as_5,1,0,6,0,0,1,1
Image_2357_resized.txt,Image_2357_resized.jpg,tree_as_5,0,0,0,0,4,1,1
Image_2358_resized.txt,Image_2358_resized.jpg,tree_as_5,2,0,6,0,0,1,1
Image_2359_resized.txt,Image_2359_resized.jpg,tree_as_5,1,8,0,0,1,1,1
Image_235_resized.txt,Image_235_resized.jpg,paper_order,1,21,1,0,0,9,0
Image_2360_resized.txt,Image_2360_resized.jpg,tree_as_5,1,1,3,0,0,1,1
Image_2361_resized.txt,Image_2361_resized.jpg,tree_as_5,1,3,0,0,0,1,1
Image_2362_resized.txt,Image_2362_resized.jpg,tree_as_5,0,0,0,1,0,1,1
Image_2363_resized.txt,Image_2363_resized.jpg,tree_as_5,1,2,0,0,1,1,1
Image_2364_resized.txt,Image_2364_resized.jpg,tree_as_5,2,2,0,0,7,1,1
Image_2365_resized.txt,Image_2365_resized.jpg,tree_as_5,4,5,1,0,7,1,1
Image_2366_resized.txt,Image_2366_resized.jpg,tree_as_5,2,1,4,1,3,1,1
Image_2367_resized.txt,Image_2367_resized.jpg,tree_as_5,0,0,2,0,0,1,1
Image_2368_resized.txt,Image_2368_resized.jpg,tree_as_5,2,3,3,0,0,1,1
Image_2369_resized.txt,Image_2369_resized.jpg,paper_order,0,0,8,0,1,1,0
Image_236_resized.txt,Image_236_resized.jpg,paper_order,1,3,0,2,5,15,0
Image_2370_resized.txt,Image_2370_resized.jpg,tree_as_5,0,0,5,0,0,1,1
Image_2371_resized.txt,Image_2371_resized.jpg,tree_as_5,0,0,1,0,5,1,1
Image_2372_resized.txt,Image_2372_resized.jpg,tree_as_5,0,4,0,0,1,1,1
Image_2373_resized.txt,Image_2373_resized.jpg,tree_as_5,2,0,4,0,0,1,1
Image_2374_resized.txt,Image_2374_resized.jpg,tree_as_5,1,1,4,0,0,1,1
Image_2375_resized.txt,Image_2375_resized.jpg,tree_as_5,0,0,12,0,0,1,1
Image_2376_resized.txt,Image_2376_resized.jpg,tree_as_5,1,0,2,0,1,1,1
Image_2377_resized.txt,Image_2377_resized.jpg,tree_as_5,1,0,6,0,0,1,1
Image_2378_resized.txt,Image_2378_resized.jpg,tree_as_5,3,1,4,0,2,1,1
Image_2379_resized.txt,Image_2379_resized.jpg,tree_as_5,5,0,14,0,6,1,1
Image_237_resized.txt,Image_237_resized.jpg,paper_order,1,17,0,0,0,50,0
Image_2380_resized.txt,Image_2380_resized.jpg,tree_as_5,7,1,10,0,2,1,1
Image_2381_resized.txt,Image_2381_resized.jpg,tree_as_5,5,2,8,0,0,1,1
Image_2382_resized.txt,Image_2382_resized.jpg,tree_as_5,1,0,2,0,0,1,1
Image_2383_resized.txt,Image_2383_resized.jpg,tree_as_5,5,2,2,0,2,1,1
Image_2384_resized.txt,Image_2384_resized.jpg,tree_as_5,1,0,3,0,6,1,1
Image_2385_resized.txt,Image_2385_resized.jpg,tree_as_5,2,2,11,0,0,1,1
Image_2386_resized.txt,Image_2386_resized.jpg,tree_as_5,1,0,12,0,1,1,1
Image_2387_resized.txt,Image_2387_resized.jpg,tree_as_5,5,0,6,0,5,1,1
Image_2388_resized.txt,Image_2388_resized.jpg,tree_as_5,2,0,12,0,2,1,1
Image_2389_resized.txt,Image_2389_resized.jpg,tree_as_5,1,1,20,0,2,1,1
Image_238_resized.txt,Image_238_resized.jpg,paper_order,1,1,0,3,3,9,0
Image_2390_resized.txt,Image_2390_resized.jpg,tree_as_5,4,1,5,0,11,1,1
Image_2391_resized.txt,Image_2391_resized.jpg,tree_as_5,1,8,4,0,5,1,1
Image_2392_resized.txt,Image_2392_resized.jpg,tree_as_5,4,6,3,0,15,1,1
Image_2393_resized.txt,Image_2393_resized.jpg,tree_as_5,0,0,5,0,6,1,1
Image_2394_resized.txt,Image_2394_resized.jpg,tree_as_5,2,2,4,0,11,1,1
Image_2395_resized.txt,Image_2395_resized.jpg,tree_as_5,2,2,3,0,2,1,1
Image_2396_resized.txt,Image_2396_resized.jpg,tree_as_5,1,1,10,0,3,1,1
Image_2397_resized.txt,Image_2397_resized.jpg,tree_as_5,3,0,1,0,8,1,1
Image_2398_resized.txt,Image_2398_resized.jpg,tree_as_5,0,0,9,1,0,1,1
Image_2399_resized.txt,Image_2399_resized.jpg,tree_as_5,0,0,1,0,1,1,1
Image_239_resized.txt,Image_239_resized.jpg,paper_order,1,26,0,0,1,35,0
Image_23_resized.txt,Image_23_resized.jpg,paper_order,1,32,10,22,37,2,0
Image_2400_resized.txt,Image_2400_resized.jpg,tree_as_5,2,4,11,0,4,1,1
Image_2401_resized.txt,Image_2401_resized.jpg,tree_as_5,4,2,4,0,3,1,1
Image_2402_resized.txt,Image_2402_resized.jpg,tree_as_5,1,1,8,0,0,1,1
Image_2403_resized.txt,Image_2403_resized.jpg,tree_as_5,4,2,0,0,0,1,1
Image_2404_resized.txt,Image_2404_resized.jpg,tree_as_5,4,1,4,0,3,1,1
Image_2405_resized.txt,Image_2405_resized.jpg,tree_as_5,0,0,5,0,0,1,1
Image_2406_resized.txt,Image_2406_resized.jpg,tree_as_5,1,1,6,0,2,1,1
Image_2407_resized.txt,Image_2407_resized.jpg,tree_as_5,1,1,7,0,0,1,1
Image_2408_resized.txt,Image_2408_resized.jpg,paper_order,0,3,17,0,4,0,0
Image_2409_resized.txt,Image_2409_resized.jpg,tree_as_5,0,3,16,0,11,1,1
Image_240_resized.txt,Image_240_resized.jpg,paper_order,1,0,0,1,1,19,0
Image_2410_resized.txt,Image_2410_resized.jpg,tree_as_5,0,2,16,0,0,1,1
Image_2411_resized.txt,Image_2411_resized.jpg,tree_as_5,0,1,8,0,0,1,1
Image_2412_resized.txt,Image_2412_resized.jpg,tree_as_5,0,2,23,0,0,1,1
Image_2413_resized.txt,Image_2413_resized.jpg,tree_as_5,1,1,12,1,1,1,1
Image_2414_resized.txt,Image_2414_resized.jpg,tree_as_5,1,0,12,0,0,1,1
Image_2415_resized.txt,Image_2415_resized.jpg,tree_as_5,1,4,9,0,0,1,1
Image_2416_resized.txt,Image_2416_resized.jpg,tree_as_5,0,1,14,0,2,1,1
Image_2417_resized.txt,Image_2417_resized.jpg,tree_as_5,0,3,5,0,0,1,1
Image_2418_resized.txt,Image_2418_resized.jpg,tree_as_5,6,5,7,0,1,1,1
Image_2419_resized.txt,Image_2419_resized.jpg,tree_as_5,2,14,3,0,0,1,1
Image_241_resized.txt,Image_241_resized.jpg,paper_order,1,16,0,1,1,31,0
Image_2420_resized.txt,Image_2420_resized.jpg,tree_as_5,4,5,6,0,11,1,1
Image_2421_resized.txt,Image_2421_resized.jpg,tree_as_5,1,7,4,0,1,1,1
Image_2422_resized.txt,Image_2422_resized.jpg,tree_as_5,1,12,5,0,10,1,1
Image_2423_resized.txt,Image_2423_resized.jpg,tree_as_5,0,1,1,0,3,1,1
Image_2424_resized.txt,Image_2424_resized.jpg,tree_as_5,2,12,8,0,1,1,1
Image_2425_resized.txt,Image_2425_resized.jpg,tree_as_5,1,3,1,0,6,1,1
Image_2426_resized.txt,Image_2426_resized.jpg,tree_as_5,0,5,23,0,4,1,1
Image_2427_resized.txt,Image_2427_resized.jpg,tree_as_5,2,5,13,0,4,2,1
Image_2428_resized.txt,Image_2428_resized.jpg,tree_as_5,0,16,7,0,5,1,1
Image_2429_resized.txt,Image_2429_resized.jpg,tree_as_5,0,16,5,0,1,1,1
Image_242_resized.txt,Image_242_resized.jpg,paper_order,1,0,0,0,1,29,0
Image_2430_resized.txt,Image_2430_resized.jpg,tree_as_5,1,9,5,0,0,1,1
Image_2431_resized.txt,Image_2431_resized.jpg,tree_as_5,2,7,7,0,1,1,1
Image_2432_resized.txt,Image_2432_resized.jpg,tree_as_5,0,11,6,0,2,1,1
Image_2433_resized.txt,Image_2433_resized.jpg,tree_as_5,0,4,7,0,1,1,1
Image_2434_resized.txt,Image_2434_resized.jpg,tree_as_5,0,1,11,0,0,1,1
Image_2435_resized.txt,Image_2435_resized.jpg,tree_as_5,0,3,16,0,0,1,1
Image_2436_resized.txt,Image_2436_resized.jpg,tree_as_5,0,1,4,0,6,1,1
Image_2437_resized.txt,Image_2437_resized.jpg,tree_as_5,0,3,4,0,5,1,1
Image_2438_resized.txt,Image_2438_resized.jpg,tree_as_5,3,2,22,0,3,1,1
Image_2439_resized.txt,Image_2439_resized.jpg,tree_as_5,0,4,7,0,1,1,1
Image_243_resized.txt,Image_243_resized.jpg,paper_order,1,0,0,0,0,12,0
Image_2440_resized.txt,Image_2440_resized.jpg,tree_as_5,2,4,9,0,0,1,1
Image_2441_resized.txt,Image_2441_resized.jpg,tree_as_5,0,1,2,0,0,1,1
Image_2442_resized.txt,Image_2442_resized.jpg,tree_as_5,1,0,6,0,0,1,1
Image_2443_resized.txt,Image_2443_resized.jpg,paper_order,5,10,0,0,0,1,0
Image_2444_resized.txt,Image_2444_resized.jpg,tree_as_5,3,11,1,0,0,1,1
Image_2445_resized.txt,Image_2445_resized.jpg,tree_as_5,3,0,5,0,0,1,1
Image_2446_resized.txt,Image_2446_resized.jpg,tree_as_5,1,0,7,0,0,1,1
Image_2447_resized.txt,Image_2447_resized.jpg,tree_as_5,4,0,9,0,2,1,1
Image_2448_resized.txt,Image_2448_resized.jpg,tree_as_5,3,1,9,0,0,1,1
Image_2449_resized.txt,Image_2449_resized.jpg,tree_as_5,2,0,11,0,0,1,1
Image_244_resized.txt,Image_244_resized.jpg,paper_order,2,1,0,2,11,44,0
Image_2450_resized.txt,Image_2450_resized.jpg,tree_as_5,2,0,23,1,2,1,1
Image_2451_resized.txt,Image_2451_resized.jpg,tree_as_5,6,0,10,2,4,1,1
Image_2452_resized.txt,Image_2452_resized.jpg,tree_as_5,1,0,3,0,1,1,1
Image_2453_resized.txt,Image_2453_resized.jpg,tree_as_5,2,0,6,1,0,1,1
Image_2454_resized.txt,Image_2454_resized.jpg,tree_as_5,5,0,6,1,0,1,1
Image_2455_resized.txt,Image_2455_resized.jpg,tree_as_5,4,0,21,0,0,1,1
Image_2456_resized.txt,Image_2456_resized.jpg,tree_as_5,0,0,24,0,1,1,1
Image_2457_resized.txt,Image_2457_resized.jpg,tree_as_5,2,0,8,0,1,1,1
Image_2458_resized.txt,Image_2458_resized.jpg,paper_order,1,0,0,0,0,4,0
Image_2459_resized.txt,Image_2459_resized.jpg,tree_as_5,4,0,21,0,0,1,1
Image_245_resized.txt,Image_245_resized.jpg,paper_order,1,1,0,0,0,28,0
Image_2460_resized.txt,Image_2460_resized.jpg,tree_as_5,3,0,14,0,4,1,1
Image_2461_resized.txt,Image_2461_resized.jpg,tree_as_5,2,0,13,0,0,1,1
Image_2462_resized.txt,Image_2462_resized.jpg,tree_as_5,3,0,14,0,0,1,1
Image_2463_resized.txt,Image_2463_resized.jpg,tree_as_5,5,0,11,0,0,1,1
Image_2464_resized.txt,Image_2464_resized.jpg,tree_as_5,3,0,10,0,0,1,1
Image_2465_resized.txt,Image_2465_resized.jpg,tree_as_5,2,0,7,0,5,1,1
Image_2466_resized.txt,Image_2466_resized.jpg,tree_as_5,4,0,9,0,0,1,1
Image_2467_resized.txt,Image_2467_resized.jpg,tree_as_5,4,0,22,0,0,1,1
Image_2468_resized.txt,Image_2468_resized.jpg,tree_as_5,0,0,12,0,0,1,1
Image_2469_resized.txt,Image_2469_resized.jpg,tree_as_5,2,0,18,0,4,1,1
Image_246_resized.txt,Image_246_resized.jpg,paper_order,1,6,0,2,4,35,0
Image_2470_resized.txt,Image_2470_resized.jpg,tree_as_5,1,0,11,0,1,1,1
Image_2471_resized.txt,Image_2471_resized.jpg,tree_as_5,3,1,23,0,4,1,1
Image_2472_resized.txt,Image_2472_resized.jpg,tree_as_5,0,0,6,0,2,1,1
Image_2473_resized.txt,Image_2473_resized.jpg,tree_as_5,0,0,10,0,0,1,1
Image_2474_resized.txt,Image_2474_resized.jpg,tree_as_5,6,6,23,0,1,1,1
Image_2475_resized.txt,Image_2475_resized.jpg,tree_as_5,1,6,10,0,3,1,1
Image_2476_resized.txt,Image_2476_resized.jpg,tree_as_5,0,1,6,0,1,1,1
Image_2477_resized.txt,Image_2477_resized.jpg,tree_as_5,0,0,14,0,2,1,1
Image_2478_resized.txt,Image_2478_resized.jpg,tree_as_5,0,1,7,0,5,1,1
Image_2479_resized.txt,Image_2479_resized.jpg,tree_as_5,1,0,4,0,3,1,1
Image_247_resized.txt,Image_247_resized.jpg,paper_order,1,0,0,0,0,23,0
Image_2480_resized.txt,Image_2480_resized.jpg,tree_as_5,4,7,14,0,0,1,1
Image_2481_resized.txt,Image_2481_resized.jpg,tree_as_5,2,3,6,0,2,1,1
Image_2482_resized.txt,Image_2482_resized.jpg,tree_as_5,2,0,3,0,1,1,1
Image_2483_resized.txt,Image_2483_resized.jpg,tree_as_5,1,1,5,0,2,1,1
Image_2484_resized.txt,Image_2484_resized.jpg,tree_as_5,0,0,2,0,5,1,1
Image_2485_resized.txt,Image_2485_resized.jpg,tree_as_5,1,0,2,0,0,1,1
Image_2486_resized.txt,Image_2486_resized.jpg,tree_as_5,1,0,2,0,2,1,1
Image_2487_resized.txt,Image_2487_resized.jpg,tree_as_5,1,0,5,0,0,1,1
Image_2488_resized.txt,Image_2488_resized.jpg,tree_as_5,1,1,4,0,1,1,1
Image_2489_resized.txt,Image_2489_resized.jpg,tree_as_5,0,0,4,0,0,1,1
Image_248_resized.txt,Image_248_resized.jpg,paper_order,1,2,0,5,7,13,0
Image_2490_resized.txt,Image_2490_resized.jpg,tree_as_5,2,3,7,0,0,1,1
Image_2491_resized.txt,Image_2491_resized.jpg,tree_as_5,0,0,6,0,0,1,1
Image_2492_resized.txt,Image_2492_resized.jpg,tree_as_5,0,0,9,0,5,1,1
Image_2493_resized.txt,Image_2493_resized.jpg,tree_as_5,1,0,11,0,7,1,1
Image_2494_resized.txt,Image_2494_resized.jpg,tree_as_5,1,0,14,0,0,1,1
Image_2495_resized.txt,Image_2495_resized.jpg,tree_as_5,0,0,3,0,0,1,1
Image_2496_resized.txt,Image_2496_resized.jpg,tree_as_5,0,8,3,0,7,1,1
Image_2497_resized.txt,Image_2497_resized.jpg,tree_as_5,0,3,2,0,0,1,1
Image_2498_resized.txt,Image_2498_resized.jpg,tree_as_5,0,2,3,0,2,1,1
Image_2499_resized.txt,Image_2499_resized.jpg,tree_as_5,0,1,5,0,0,1,1
Image_249_resized.txt,Image_249_resized.jpg,paper_order,1,11,2,0,0,25,0
Image_24_resized.txt,Image_24_resized.jpg,paper_order,1,22,0,49,28,30,0
Image_2500_resized.txt,Image_2500_resized.jpg,tree_as_5,0,0,2,0,0,1,1
Image_2501_resized.txt,Image_2501_resized.jpg,tree_as_5,1,0,0,0,7,1,1
Image_2502_resized.txt,Image_2502_resized.jpg,tree_as_5,1,0,11,0,0,1,1
Image_2503_resized.txt,Image_2503_resized.jpg,tree_as_5,0,0,5,0,0,1,1
Image_2504_resized.txt,Image_2504_resized.jpg,tree_as_5,0,4,20,0,1,1,1
Image_2505_resized.txt,Image_2505_resized.jpg,tree_as_5,0,11,8,0,0,1,1
Image_2506_resized.txt,Image_2506_resized.jpg,tree_as_5,2,7,0,0,0,1,1
Image_2507_resized.txt,Image_2507_resized.jpg,tree_as_5,0,12,10,0,0,1,1
Image_2508_resized.txt,Image_2508_resized.jpg,tree_as_5,0,10,11,0,0,1,1
Image_2509_resized.txt,Image_2509_resized.jpg,tree_as_5,0,6,0,0,0,1,1
Image_250_resized.txt,Image_250_resized.jpg,paper_order,2,0,0,11,5,15,0
Image_2510_resized.txt,Image_2510_resized.jpg,tree_as_5,1,10,26,0,1,1,1
Image_2511_resized.txt,Image_2511_resized.jpg,tree_as_5,0,3,33,0,0,1,1
Image_2512_resized.txt,Image_2512_resized.jpg,tree_as_5,0,0,13,1,0,1,1
Image_2513_resized.txt,Image_2513_resized.jpg,tree_as_5,0,8,4,0,0,1,1
Image_2514_resized.txt,Image_2514_resized.jpg,tree_as_5,0,1,16,1,0,1,1
Image_2515_resized.txt,Image_2515_resized.jpg,tree_as_5,0,5,12,1,0,1,1
Image_2516_resized.txt,Image_2516_resized.jpg,paper_order,1,1,19,0,0,1,0
Image_2517_resized.txt,Image_2517_resized.jpg,tree_as_5,3,6,19,0,2,1,1
Image_2518_resized.txt,Image_2518_resized.jpg,tree_as_5,1,5,10,0,2,1,1
Image_2519_resized.txt,Image_2519_resized.jpg,tree_as_5,0,6,5,0,0,1,1
Image_251_resized.txt,Image_251_resized.jpg,paper_order,1,4,0,0,0,22,0
Image_2520_resized.txt,Image_2520_resized.jpg,tree_as_5,1,9,4,0,0,1,1
Image_2521_resized.txt,Image_2521_resized.jpg,tree_as_5,0,14,19,0,0,1,1
Image_2522_resized.txt,Image_2522_resized.jpg,tree_as_5,0,1,17,0,0,1,1
Image_2523_resized.txt,Image_2523_resized.jpg,tree_as_5,1,1,28,0,1,1,1
Image_2524_resized.txt,Image_2524_resized.jpg,tree_as_5,0,11,9,0,0,1,1
Image_2525_resized.txt,Image_2525_resized.jpg,tree_as_5,0,3,1,0,0,1,1
Image_2526_resized.txt,Image_2526_resized.jpg,tree_as_5,0,10,9,0,0,1,1
Image_2527_resized.txt,Image_2527_resized.jpg,tree_as_5,8,0,24,0,0,1,1
Image_2528_resized.txt,Image_2528_resized.jpg,tree_as_5,2,0,4,0,0,1,1
Image_2529_resized.txt,Image_2529_resized.jpg,tree_as_5,0,0,7,0,0,1,1
Image_252_resized.txt,Image_252_resized.jpg,paper_order,1,1,0,5,3,9,0
Image_2530_resized.txt,Image_2530_resized.jpg,tree_as_5,0,0,9,0,2,1,1
Image_2531_resized.txt,Image_2531_resized.jpg,tree_as_5,0,3,17,0,3,1,1
Image_2532_resized.txt,Image_2532_resized.jpg,tree_as_5,1,0,15,0,0,1,1
Image_2533_resized.txt,Image_2533_resized.jpg,tree_as_5,3,1,4,0,0,1,1
Image_2534_resized.txt,Image_2534_resized.jpg,tree_as_5,2,0,7,0,0,1,1
Image_2535_resized.txt,Image_2535_resized.jpg,tree_as_5,3,1,2,0,0,1,1
Image_2536_resized.txt,Image_2536_resized.jpg,tree_as_5,0,0,5,0,2,1,1
Image_2537_resized.txt,Image_2537_resized.jpg,tree_as_5,3,0,7,0,1,1,1
Image_2538_resized.txt,Image_2538_resized.jpg,tree_as_5,3,1,7,0,0,1,1
Image_2539_resized.txt,Image_2539_resized.jpg,tree_as_5,5,7,0,0,0,1,1
Image_253_resized.txt,Image_253_resized.jpg,paper_order,1,22,2,0,0,46,0
Image_2540_resized.txt,Image_2540_resized.jpg,tree_as_5,2,3,15,0,4,1,1
Image_2541_resized.txt,Image_2541_resized.jpg,tree_as_5,0,0,3,0,1,1,1
Image_2542_resized.txt,Image_2542_resized.jpg,tree_as_5,4,0,10,0,1,1,1
Image_2543_resized.txt,Image_2543_resized.jpg,tree_as_5,3,0,22,0,0,1,1
Image_2544_resized.txt,Image_2544_resized.jpg,tree_as_5,2,0,4,0,0,1,1
Image_2545_resized.txt,Image_2545_resized.jpg,tree_as_5,1,0,4,0,5,1,1
Image_2546_resized.txt,Image_2546_resized.jpg,tree_as_5,0,0,8,0,0,1,1
Image_2547_resized.txt,Image_2547_resized.jpg,tree_as_5,2,0,9,0,2,1,1
Image_2548_resized.txt,Image_2548_resized.jpg,tree_as_5,1,0,14,0,0,1,1
Image_2549_resized.txt,Image_2549_resized.jpg,tree_as_5,2,0,15,0,1,1,1
Image_254_resized.txt,Image_254_resized.jpg,paper_order,1,6,0,3,2,9,0
Image_2550_resized.txt,Image_2550_resized.jpg,tree_as_5,0,5,7,0,0,1,1
Image_2551_resized.txt,Image_2551_resized.jpg,tree_as_5,5,2,10,0,0,1,1
Image_2552_resized.txt,Image_2552_resized.jpg,tree_as_5,6,1,17,0,3,1,1
Image_2553_resized.txt,Image_2553_resized.jpg,paper_order,3,0,11,0,1,1,0
Image_2554_resized.txt,Image_2554_resized.jpg,tree_as_5,1,9,25,0,0,1,1
Image_2555_resized.txt,Image_2555_resized.jpg,tree_as_5,1,16,19,0,3,1,1
Image_2556_resized.txt,Image_2556_resized.jpg,tree_as_5,0,0,15,0,0,1,1
Image_2557_resized.txt,Image_2557_resized.jpg,tree_as_5,0,0,11,0,1,1,1
Image_2558_resized.txt,Image_2558_resized.jpg,tree_as_5,0,5,11,0,0,1,1
Image_2559_resized.txt,Image_2559_resized.jpg,paper_order,2,6,11,0,0,0,0
Image_255_resized.txt,Image_255_resized.jpg,paper_order,1,2,0,0,1,21,0
Image_2560_resized.txt,Image_2560_resized.jpg,tree_as_5,1,5,7,0,0,1,1
Image_2561_resized.txt,Image_2561_resized.jpg,tree_as_5,3,0,24,0,1,1,1
Image_2562_resized.txt,Image_2562_resized.jpg,tree_as_5,2,0,4,0,8,1,1
Image_2563_resized.txt,Image_2563_resized.jpg,tree_as_5,2,0,7,0,2,1,1
Image_2564_resized.txt,Image_2564_resized.jpg,tree_as_5,3,0,9,0,8,1,1
Image_2565_resized.txt,Image_2565_resized.jpg,tree_as_5,3,0,29,0,0,1,1
Image_2566_resized.txt,Image_2566_resized.jpg,tree_as_5,0,0,20,0,2,1,1
Image_2567_resized.txt,Image_2567_resized.jpg,paper_order,1,0,17,0,0,1,0
Image_2568_resized.txt,Image_2568_resized.jpg,tree_as_5,2,11,1,0,2,1,1
Image_2569_resized.txt,Image_2569_resized.jpg,tree_as_5,3,3,7,0,6,1,1
Image_256_resized.txt,Image_256_resized.jpg,paper_order,1,2,0,16,1,27,0
Image_2570_resized.txt,Image_2570_resized.jpg,tree_as_5,0,0,0,0,8,1,1
Image_2571_resized.txt,Image_2571_resized.jpg,tree_as_5,3,3,2,0,12,1,1
Image_2572_resized.txt,Image_2572_resized.jpg,paper_order,4,8,0,0,2,1,0
Image_2573_resized.txt,Image_2573_resized.jpg,tree_as_5,7,12,7,0,0,1,1
Image_2574_resized.txt,Image_2574_resized.jpg,tree_as_5,3,1,3,0,2,1,1
Image_2575_resized.txt,Image_2575_resized.jpg,tree_as_5,11,13,22,0,0,2,1
Image_2576_resized.txt,Image_2576_resized.jpg,tree_as_5,3,9,1,0,2,1,1
Image_2577_resized.txt,Image_2577_resized.jpg,tree_as_5,5,11,9,0,0,1,1
Image_2578_resized.txt,Image_2578_resized.jpg,tree_as_5,3,1,4,0,2,1,1
Image_2579_resized.txt,Image_2579_resized.jpg,tree_as_5,5,2,7,0,0,1,1
Image_257_resized.txt,Image_257_resized.jpg,paper_order,1,41,0,0,0,69,0
Image_2580_resized.txt,Image_2580_resized.jpg,tree_as_5,4,4,0,0,0,1,1
Image_2581_resized.txt,Image_2581_resized.jpg,tree_as_5,5,1,13,0,1,1,1
Image_2582_resized.txt,Image_2582_resized.jpg,tree_as_5,3,4,5,0,1,1,1
Image_2583_resized.txt,Image_2583_resized.jpg,tree_as_5,3,0,18,0,0,1,1
Image_2584_resized.txt,Image_2584_resized.jpg,tree_as_5,7,8,3,0,14,1,1
Image_2585_resized.txt,Image_2585_resized.jpg,paper_order,4,1,12,0,0,1,0
Image_2586_resized.txt,Image_2586_resized.jpg,tree_as_5,4,7,0,0,4,1,1
Image_2587_resized.txt,Image_2587_resized.jpg,tree_as_5,3,14,7,0,1,1,1
Image_2588_resized.txt,Image_2588_resized.jpg,tree_as_5,5,0,11,0,1,1,1
Image_2589_resized.txt,Image_2589_resized.jpg,tree_as_5,6,2,4,0,1,1,1
Image_258_resized.txt,Image_258_resized.jpg,paper_order,1,6,0,7,0,15,0
Image_2590_resized.txt,Image_2590_resized.jpg,tree_as_5,4,0,11,0,1,1,1
Image_2591_resized.txt,Image_2591_resized.jpg,tree_as_5,2,1,7,0,0,1,1
Image_2592_resized.txt,Image_2592_resized.jpg,tree_as_5,7,0,20,0,2,1,1
Image_2593_resized.txt,Image_2593_resized.jpg,tree_as_5,4,2,4,0,0,1,1
Image_2594_resized.txt,Image_2594_resized.jpg,tree_as_5,0,0,15,0,1,1,1
Image_2595_resized.txt,Image_2595_resized.jpg,tree_as_5,5,3,7,0,0,1,1
Image_2596_resized.txt,Image_2596_resized.jpg,tree_as_5,0,0,8,0,2,1,1
Image_2597_resized.txt,Image_2597_resized.jpg,tree_as_5,1,0,0,0,0,1,1
Image_2598_resized.txt,Image_2598_resized.jpg,tree_as_5,0,0,8,0,0,1,1
Image_2599_resized.txt,Image_2599_resized.jpg,tree_as_5,0,0,0,1,0,1,1
Image_259_resized.txt,Image_259_resized.jpg,paper_order,1,20,2,0,0,84,0
Image_25_resized.txt,Image_25_resized.jpg,paper_order,0,24,3,44,20,2,0
Image_2600_resized.txt,Image_2600_resized.jpg,tree_as_5,1,0,17,0,0,1,1
Image_2601_resized.txt,Image_2601_resized.jpg,tree_as_5,10,0,61,0,0,1,1
Image_2602_resized.txt,Image_2602_resized.jpg,tree_as_5,4,2,9,0,0,1,1
Image_2603_resized.txt,Image_2603_resized.jpg,tree_as_5,5,0,37,0,1,1,1
Image_2604_resized.txt,Image_2604_resized.jpg,tree_as_5,3,0,24,0,3,1,1
Image_2605_resized.txt,Image_2605_resized.jpg,tree_as_5,2,0,7,0,0,1,1
Image_2606_resized.txt,Image_2606_resized.jpg,tree_as_5,5,0,35,0,0,1,1
Image_2607_resized.txt,Image_2607_resized.jpg,tree_as_5,1,4,14,0,1,1,1
Image_2608_resized.txt,Image_2608_resized.jpg,tree_as_5,3,0,23,0,0,1,1
Image_2609_resized.txt,Image_2609_resized.jpg,tree_as_5,3,3,24,0,6,1,1
Image_260_resized.txt,Image_260_resized.jpg,paper_order,1,18,0,30,1,32,0
Image_2610_resized.txt,Image_2610_resized.jpg,tree_as_5,6,0,23,0,0,1,1
Image_2611_resized.txt,Image_2611_resized.jpg,tree_as_5,4,0,25,0,1,1,1
Image_2612_resized.txt,Image_2612_resized.jpg,tree_as_5,2,0,15,0,0,1,1
Image_2613_resized.txt,Image_2613_resized.jpg,tree_as_5,3,0,6,0,1,1,1
Image_2614_resized.txt,Image_2614_resized.jpg,tree_as_5,6,0,56,1,0,1,1
Image_2615_resized.txt,Image_2615_resized.jpg,tree_as_5,3,0,15,0,1,1,1
Image_2616_resized.txt,Image_2616_resized.jpg,tree_as_5,2,0,9,0,0,1,1
Image_2617_resized.txt,Image_2617_resized.jpg,tree_as_5,1,2,7,0,0,1,1
Image_2618_resized.txt,Image_2618_resized.jpg,paper_order,3,0,20,0,0,1,0
Image_2619_resized.txt,Image_2619_resized.jpg,tree_as_5,1,3,13,0,0,1,1
Image_261_resized.txt,Image_261_resized.jpg,tree_as_5,0,10,0,0,0,75,1
Image_2620_resized.txt,Image_2620_resized.jpg,tree_as_5,2,0,15,0,0,1,1
Image_2621_resized.txt,Image_2621_resized.jpg,tree_as_5,0,1,14,0,3,1,1
Image_2622_resized.txt,Image_2622_resized.jpg,tree_as_5,1,0,6,0,0,1,1
Image_2623_resized.txt,Image_2623_resized.jpg,tree_as_5,3,0,17,0,2,1,1
Image_2624_resized.txt,Image_2624_resized.jpg,tree_as_5,3,0,20,0,1,1,1
Image_2625_resized.txt,Image_2625_resized.jpg,tree_as_5,8,7,4,0,0,1,1
Image_2626_resized.txt,Image_2626_resized.jpg,tree_as_5,1,0,9,0,1,1,1
Image_2627_resized.txt,Image_2627_resized.jpg,tree_as_5,2,0,8,0,2,1,1
Image_2628_resized.txt,Image_2628_resized.jpg,tree_as_5,3,0,14,0,2,1,1
Image_2629_resized.txt,Image_2629_resized.jpg,tree_as_5,0,0,2,0,0,1,1
Image_262_resized.txt,Image_262_resized.jpg,paper_order,1,9,0,1,0,14,0
Image_2630_resized.txt,Image_2630_resized.jpg,tree_as_5,0,0,5,0,0,1,1
Image_2631_resized.txt,Image_2631_resized.jpg,tree_as_5,1,1,12,0,4,1,1
Image_2632_resized.txt,Image_2632_resized.jpg,paper_order,1,0,4,0,5,7,0
Image_2633_resized.txt,Image_2633_resized.jpg,tree_as_5,0,0,11,0,0,1,1
Image_2634_resized.txt,Image_2634_resized.jpg,paper_order,1,0,3,0,7,2,0
Image_2635_resized.txt,Image_2635_resized.jpg,paper_order,3,1,13,0,0,0,0
Image_2636_resized.txt,Image_2636_resized.jpg,tree_as_5,2,0,9,0,1,1,1
Image_2637_resized.txt,Image_2637_resized.jpg,tree_as_5,2,9,3,0,0,1,1
Image_2638_resized.txt,Image_2638_resized.jpg,tree_as_5,3,0,12,0,1,1,1
Image_2639_resized.txt,Image_2639_resized.jpg,paper_order,0,7,0,0,2,1,0
Image_263_resized.txt,Image_263_resized.jpg,paper_order,1,26,0,0,0,40,0
Image_2640_resized.txt,Image_2640_resized.jpg,tree_as_5,4,0,8,0,0,1,1
Image_2641_resized.txt,Image_2641_resized.jpg,tree_as_5,2,8,4,0,0,1,1
Image_2642_resized.txt,Image_2642_resized.jpg,tree_as_5,3,0,5,0,0,1,1
Image_2643_resized.txt,Image_2643_resized.jpg,tree_as_5,0,5,0,0,4,1,1
Image_2644_resized.txt,Image_2644_resized.jpg,tree_as_5,3,0,16,0,1,1,1
Image_2645_resized.txt,Image_2645_resized.jpg,paper_order,1,0,2,4,1,1,0
Image_2646_resized.txt,Image_2646_resized.jpg,tree_as_5,2,0,7,0,0,1,1
Image_2647_resized.txt,Image_2647_resized.jpg,tree_as_5,0,6,6,0,1,1,1
Image_2648_resized.txt,Image_2648_resized.jpg,tree_as_5,1,0,6,0,0,1,1
Image_2649_resized.txt,Image_2649_resized.jpg,tree_as_5,2,6,6,0,0,1,1
Image_264_resized.txt,Image_264_resized.jpg,paper_order,1,1,0,2,2,20,0
Image_2650_resized.txt,Image_2650_resized.jpg,tree_as_5,4,0,9,0,1,1,1
Image_2651_resized.txt,Image_2651_resized.jpg,tree_as_5,0,0,4,0,1,1,1
Image_2652_resized.txt,Image_2652_resized.jpg,tree_as_5,4,0,9,0,0,1,1
Image_2653_resized.txt,Image_2653_resized.jpg,tree_as_5,8,0,62,2,2,1,1
Image_2654_resized.txt,Image_2654_resized.jpg,tree_as_5,0,0,30,1,0,1,1
Image_2655_resized.txt,Image_2655_resized.jpg,tree_as_5,3,0,17,0,0,1,1
Image_2656_resized.txt,Image_2656_resized.jpg,tree_as_5,0,0,16,2,0,1,1
Image_2657_resized.txt,Image_2657_resized.jpg,tree_as_5,1,0,10,0,2,1,1
Image_2658_resized.txt,Image_2658_resized.jpg,tree_as_5,0,0,6,0,1,1,1
Image_2659_resized.txt,Image_2659_resized.jpg,tree_as_5,2,0,14,0,2,1,1
Image_265_resized.txt,Image_265_resized.jpg,paper_order,1,21,3,0,0,47,0
Image_2660_resized.txt,Image_2660_resized.jpg,tree_as_5,0,0,29,1,0,1,1
Image_2661_resized.txt,Image_2661_resized.jpg,tree_as_5,1,0,14,0,0,1,1
Image_2662_resized.txt,Image_2662_resized.jpg,tree_as_5,1,1,21,0,0,1,1
Image_2663_resized.txt,Image_2663_resized.jpg,tree_as_5,1,0,24,0,1,1,1
Image_2664_resized.txt,Image_2664_resized.jpg,tree_as_5,1,0,6,1,1,1,1
Image_2665_resized.txt,Image_2665_resized.jpg,tree_as_5,3,0,2,0,2,1,1
Image_2666_resized.txt,Image_2666_resized.jpg,tree_as_5,1,0,16,0,0,1,1
Image_2667_resized.txt,Image_2667_resized.jpg,tree_as_5,3,0,24,0,0,1,1
Image_2668_resized.txt,Image_2668_resized.jpg,tree_as_5,3,0,19,0,5,1,1
Image_2669_resized.txt,Image_2669_resized.jpg,tree_as_5,3,0,49,0,0,1,1
Image_266_resized.txt,Image_266_resized.jpg,paper_order,1,2,0,0,3,20,0
Image_2670_resized.txt,Image_2670_resized.jpg,paper_order,1,0,6,0,4,1,0
Image_2671_resized.txt,Image_2671_resized.jpg,tree_as_5,1,0,26,0,0,1,1
Image_2672_resized.txt,Image_2672_resized.jpg,tree_as_5,2,0,25,0,1,1,1
Image_2673_resized.txt,Image_2673_resized.jpg,tree_as_5,1,0,34,0,4,5,1
Image_2674_resized.txt,Image_2674_resized.jpg,tree_as_5,2,0,31,0,0,1,1
Image_2675_resized.txt,Image_2675_resized.jpg,tree_as_5,3,0,8,0,0,1,1
Image_2676_resized.txt,Image_2676_resized.jpg,tree_as_5,0,0,18,0,0,1,1
Image_2677_resized.txt,Image_2677_resized.jpg,tree_as_5,3,0,10,0,2,1,1
Image_2678_resized.txt,Image_2678_resized.jpg,tree_as_5,0,0,8,0,0,1,1
Image_2679_resized.txt,Image_2679_resized.jpg,tree_as_5,2,0,5,0,0,1,1
Image_267_resized.txt,Image_267_resized.jpg,paper_order,1,25,0,0,0,32,0
Image_2680_resized.txt,Image_2680_resized.jpg,paper_order,3,0,12,0,1,2,0
Image_2681_resized.txt,Image_2681_resized.jpg,tree_as_5,3,0,13,1,0,1,1
Image_2682_resized.txt,Image_2682_resized.jpg,tree_as_5,1,4,29,0,0,1,1
Image_2683_resized.txt,Image_2683_resized.jpg,tree_as_5,3,0,14,0,0,1,1
Image_2684_resized.txt,Image_2684_resized.jpg,tree_as_5,2,1,12,0,0,1,1
Image_2685_resized.txt,Image_2685_resized.jpg,tree_as_5,2,0,12,1,2,1,1
Image_2686_resized.txt,Image_2686_resized.jpg,tree_as_5,4,2,13,0,0,1,1
Image_2687_resized.txt,Image_2687_resized.jpg,tree_as_5,3,0,21,0,3,1,1
Image_2688_resized.txt,Image_2688_resized.jpg,tree_as_5,5,0,14,0,0,1,1
Image_2689_resized.txt,Image_2689_resized.jpg,tree_as_5,3,0,3,2,0,1,1
Image_268_resized.txt,Image_268_resized.jpg,paper_order,1,1,0,1,0,16,0
Image_2690_resized.txt,Image_2690_resized.jpg,tree_as_5,2,3,0,0,1,1,1
Image_2691_resized.txt,Image_2691_resized.jpg,tree_as_5,1,0,14,0,0,1,1
Image_2692_resized.txt,Image_2692_resized.jpg,tree_as_5,2,5,18,0,4,1,1
Image_2693_resized.txt,Image_2693_resized.jpg,tree_as_5,2,0,11,1,3,1,1
Image_2694_resized.txt,Image_2694_resized.jpg,tree_as_5,1,1,12,0,3,1,1
Image_2695_resized.txt,Image_2695_resized.jpg,tree_as_5,4,0,20,2,1,1,1
Image_2696_resized.txt,Image_2696_resized.jpg,tree_as_5,0,0,14,0,3,1,1
Image_2697_resized.txt,Image_2697_resized.jpg,tree_as_5,2,0,6,0,9,1,1
Image_2698_resized.txt,Image_2698_resized.jpg,tree_as_5,0,3,8,0,1,1,1
Image_2699_resized.txt,Image_2699_resized.jpg,paper_order,5,1,23,2,3,1,0
Image_269_resized.txt,Image_269_resized.jpg,paper_order,1,17,0,0,0,31,0
Image_26_resized.txt,Image_26_resized.jpg,paper_order,1,18,8,47,28,30,0
Image_2700_resized.txt,Image_2700_resized.jpg,paper_order,1,1,17,0,8,1,0
Image_2701_resized.txt,Image_2701_resized.jpg,paper_order,3,0,35,0,4,1,0
Image_2702_resized.txt,Image_2702_resized.jpg,tree_as_5,1,0,36,0,0,1,1
Image_2703_resized.txt,Image_2703_resized.jpg,tree_as_5,4,0,14,2,3,1,1
Image_2704_resized.txt,Image_2704_resized.jpg,tree_as_5,3,10,32,0,3,1,1
Image_2705_resized.txt,Image_2705_resized.jpg,tree_as_5,0,0,10,0,2,1,1
Image_2706_resized.txt,Image_2706_resized.jpg,tree_as_5,3,8,8,0,8,1,1
Image_2707_resized.txt,Image_2707_resized.jpg,tree_as_5,2,0,15,0,0,1,1
Image_2708_resized.txt,Image_2708_resized.jpg,tree_as_5,0,5,4,0,0,1,1
Image_2709_resized.txt,Image_2709_resized.jpg,tree_as_5,2,0,9,0,1,1,1
Image_270_resized.txt,Image_270_resized.jpg,paper_order,1,3,1,7,2,34,0
Image_2710_resized.txt,Image_2710_resized.jpg,tree_as_5,1,9,18,0,0,1,1
Image_2711_resized.txt,Image_2711_resized.jpg,tree_as_5,1,0,12,1,1,1,1
Image_2712_resized.txt,Image_2712_resized.jpg,paper_order,0,9,13,0,1,1,0
Image_2713_resized.txt,Image_2713_resized.jpg,paper_order,6,2,27,0,13,0,0
Image_2714_resized.txt,Image_2714_resized.jpg,tree_as_5,0,2,20,0,0,1,1
Image_2715_resized.txt,Image_2715_resized.jpg,tree_as_5,2,0,4,0,1,1,1
Image_2716_resized.txt,Image_2716_resized.jpg,tree_as_5,5,24,19,0,2,1,1
Image_2717_resized.txt,Image_2717_resized.jpg,tree_as_5,1,0,9,0,2,1,1
Image_2718_resized.txt,Image_2718_resized.jpg,tree_as_5,3,27,13,0,1,1,1
Image_2719_resized.txt,Image_2719_resized.jpg,tree_as_5,5,2,14,0,1,1,1
Image_271_resized.txt,Image_271_resized.jpg,paper_order,1,11,0,0,2,19,0
Image_2720_resized.txt,Image_2720_resized.jpg,tree_as_5,1,6,2,0,0,1,1
Image_2721_resized.txt,Image_2721_resized.jpg,tree_as_5,0,0,1,0,0,1,1
Image_2722_resized.txt,Image_2722_resized.jpg,tree_as_5,1,19,6,0,1,1,1
Image_2723_resized.txt,Image_2723_resized.jpg,tree_as_5,1,9,11,0,0,1,1
Image_2724_resized.txt,Image_2724_resized.jpg,tree_as_5,0,7,11,0,3,1,1
Image_2725_resized.txt,Image_2725_resized.jpg,tree_as_5,1,5,11,0,1,1,1
Image_2726_resized.txt,Image_2726_resized.jpg,tree_as_5,2,4,16,1,9,1,1
Image_2727_resized.txt,Image_2727_resized.jpg,tree_as_5,0,1,10,0,0,1,1
Image_2728_resized.txt,Image_2728_resized.jpg,tree_as_5,1,0,20,1,2,1,1
Image_2729_resized.txt,Image_2729_resized.jpg,tree_as_5,0,0,35,0,1,1,1
Image_272_resized.txt,Image_272_resized.jpg,paper_order,1,4,0,2,6,2,0
Image_2730_resized.txt,Image_2730_resized.jpg,tree_as_5,2,4,13,0,1,1,1
Image_2731_resized.txt,Image_2731_resized.jpg,tree_as_5,4,5,10,1,4,1,1
Image_2732_resized.txt,Image_2732_resized.jpg,tree_as_5,4,5,8,0,4,1,1
Image_2733_resized.txt,Image_2733_resized.jpg,tree_as_5,0,0,14,3,3,1,1
Image_2734_resized.txt,Image_2734_resized.jpg,tree_as_5,4,6,23,0,4,1,1
Image_2735_resized.txt,Image_2735_resized.jpg,tree_as_5,0,0,39,0,1,1,1
Image_2736_resized.txt,Image_2736_resized.jpg,tree_as_5,3,8,28,0,1,1,1
Image_2737_resized.txt,Image_2737_resized.jpg,tree_as_5,3,4,18,0,0,1,1
Image_2738_resized.txt,Image_2738_resized.jpg,tree_as_5,2,4,2,0,0,1,1
Image_2739_resized.txt,Image_2739_resized.jpg,tree_as_5,4,0,12,0,1,1,1
Image_273_resized.txt,Image_273_resized.jpg,paper_order,1,1,0,0,0,13,0
Image_2740_resized.txt,Image_2740_resized.jpg,tree_as_5,6,5,19,0,1,1,1
Image_2741_resized.txt,Image_2741_resized.jpg,tree_as_5,2,0,13,0,1,1,1
Image_2742_resized.txt,Image_2742_resized.jpg,tree_as_5,2,9,1,0,2,1,1
Image_2743_resized.txt,Image_2743_resized.jpg,tree_as_5,4,0,4,0,1,1,1
Image_2744_resized.txt,Image_2744_resized.jpg,tree_as_5,3,6,2,0,0,1,1
Image_2745_resized.txt,Image_2745_resized.jpg,tree_as_5,4,0,12,0,1,1,1
Image_2746_resized.txt,Image_2746_resized.jpg,tree_as_5,1,2,14,0,0,1,1
Image_2747_resized.txt,Image_2747_resized.jpg,tree_as_5,2,2,31,0,2,1,1
Image_2748_resized.txt,Image_2748_resized.jpg,tree_as_5,1,0,18,0,0,1,1
Image_2749_resized.txt,Image_2749_resized.jpg,tree_as_5,4,0,19,0,1,1,1
Image_274_resized.txt,Image_274_resized.jpg,paper_order,1,0,0,2,1,24,0
Image_2750_resized.txt,Image_2750_resized.jpg,tree_as_5,2,0,11,0,0,1,1
Image_2751_resized.txt,Image_2751_resized.jpg,tree_as_5,3,1,7,0,0,1,1
Image_2752_resized.txt,Image_2752_resized.jpg,tree_as_5,3,1,10,0,2,1,1
Image_2753_resized.txt,Image_2753_resized.jpg,tree_as_5,4,2,9,0,3,1,1
Image_2754_resized.txt,Image_2754_resized.jpg,tree_as_5,2,7,10,0,0,1,1
Image_2755_resized.txt,Image_2755_resized.jpg,tree_as_5,1,6,1,0,3,1,1
Image_2756_resized.txt,Image_2756_resized.jpg,tree_as_5,0,6,3,0,0,1,1
Image_2757_resized.txt,Image_2757_resized.jpg,tree_as_5,0,8,5,0,1,1,1
Image_2758_resized.txt,Image_2758_resized.jpg,tree_as_5,4,7,8,0,0,1,1
Image_2759_resized.txt,Image_2759_resized.jpg,tree_as_5,0,7,12,0,0,1,1
Image_275_resized.txt,Image_275_resized.jpg,paper_order,1,39,17,0,0,27,0
Image_2760_resized.txt,Image_2760_resized.jpg,tree_as_5,2,9,14,0,1,1,1
Image_2761_resized.txt,Image_2761_resized.jpg,tree_as_5,1,8,6,0,4,1,1
Image_2762_resized.txt,Image_2762_resized.jpg,tree_as_5,5,11,16,0,0,1,1
Image_2763_resized.txt,Image_2763_resized.jpg,tree_as_5,3,24,15,0,1,1,1
Image_2764_resized.txt,Image_2764_resized.jpg,tree_as_5,1,0,6,1,0,1,1
Image_2765_resized.txt,Image_2765_resized.jpg,tree_as_5,3,15,12,0,0,1,1
Image_2766_resized.txt,Image_2766_resized.jpg,tree_as_5,0,0,11,2,0,1,1
Image_2767_resized.txt,Image_2767_resized.jpg,tree_as_5,0,11,3,0,0,1,1
Image_2768_resized.txt,Image_2768_resized.jpg,tree_as_5,1,0,5,0,0,1,1
Image_2769_resized.txt,Image_2769_resized.jpg,tree_as_5,0,1,7,0,3,1,1
Image_276_resized.txt,Image_276_resized.jpg,paper_order,1,3,1,7,4,35,0
Image_2770_resized.txt,Image_2770_resized.jpg,tree_as_5,1,0,6,0,0,1,1
Image_2771_resized.txt,Image_2771_resized.jpg,tree_as_5,1,10,3,0,2,1,1
Image_2772_resized.txt,Image_2772_resized.jpg,tree_as_5,0,0,5,0,0,1,1
Image_2773_resized.txt,Image_2773_resized.jpg,tree_as_5,2,8,4,0,0,1,1
Image_2774_resized.txt,Image_2774_resized.jpg,tree_as_5,0,0,29,1,0,1,1
Image_2775_resized.txt,Image_2775_resized.jpg,tree_as_5,0,5,7,0,0,1,1
Image_2776_resized.txt,Image_2776_resized.jpg,tree_as_5,3,0,10,0,0,1,1
Image_2777_resized.txt,Image_2777_resized.jpg,tree_as_5,1,6,0,0,0,1,1
Image_2778_resized.txt,Image_2778_resized.jpg,tree_as_5,0,0,3,1,0,1,1
Image_2779_resized.txt,Image_2779_resized.jpg,tree_as_5,0,3,0,0,1,1,1
Image_277_resized.txt,Image_277_resized.jpg,paper_order,1,18,10,0,0,31,0
Image_2780_resized.txt,Image_2780_resized.jpg,tree_as_5,1,0,6,0,0,1,1
Image_2781_resized.txt,Image_2781_resized.jpg,tree_as_5,1,0,21,0,0,1,1
Image_2782_resized.txt,Image_2782_resized.jpg,tree_as_5,2,0,0,0,0,1,1
Image_2783_resized.txt,Image_2783_resized.jpg,tree_as_5,0,2,7,0,0,1,1
Image_2784_resized.txt,Image_2784_resized.jpg,tree_as_5,0,0,14,2,0,1,1
Image_2785_resized.txt,Image_2785_resized.jpg,tree_as_5,1,0,18,0,3,1,1
Image_2786_resized.txt,Image_2786_resized.jpg,tree_as_5,0,0,9,3,2,1,1
Image_2787_resized.txt,Image_2787_resized.jpg,tree_as_5,2,0,3,0,1,1,1
Image_2788_resized.txt,Image_2788_resized.jpg,tree_as_5,0,0,9,4,0,1,1
Image_2789_resized.txt,Image_2789_resized.jpg,tree_as_5,0,0,13,0,0,1,1
Image_278_resized.txt,Image_278_resized.jpg,paper_order,1,1,0,7,1,6,0
Image_2790_resized.txt,Image_2790_resized.jpg,tree_as_5,0,0,4,0,0,1,1
Image_2791_resized.txt,Image_2791_resized.jpg,tree_as_5,0,0,8,0,1,1,1
Image_2792_resized.txt,Image_2792_resized.jpg,tree_as_5,1,0,3,0,0,1,1
Image_2793_resized.txt,Image_2793_resized.jpg,tree_as_5,1,0,16,0,0,1,1
Image_2794_resized.txt,Image_2794_resized.jpg,tree_as_5,3,0,6,0,0,1,1
Image_2795_resized.txt,Image_2795_resized.jpg,tree_as_5,0,0,4,0,0,1,1
Image_2796_resized.txt,Image_2796_resized.jpg,tree_as_5,4,12,11,0,1,1,1
Image_2797_resized.txt,Image_2797_resized.jpg,tree_as_5,1,0,10,1,1,1,1
Image_2798_resized.txt,Image_2798_resized.jpg,tree_as_5,1,0,6,1,1,1,1
Image_2799_resized.txt,Image_2799_resized.jpg,tree_as_5,0,0,16,0,1,1,1
Image_279_resized.txt,Image_279_resized.jpg,paper_order,1,19,5,0,0,21,0
Image_27_resized.txt,Image_27_resized.jpg,paper_order,1,21,13,5,6,14,0
Image_2800_resized.txt,Image_2800_resized.jpg,tree_as_5,0,0,3,0,0,1,1
Image_2801_resized.txt,Image_2801_resized.jpg,tree_as_5,3,0,21,0,0,1,1
Image_2802_resized.txt,Image_2802_resized.jpg,tree_as_5,1,0,9,0,0,1,1
Image_2803_resized.txt,Image_2803_resized.jpg,tree_as_5,0,0,13,0,1,1,1
Image_2804_resized.txt,Image_2804_resized.jpg,tree_as_5,0,0,11,0,1,1,1
Image_2805_resized.txt,Image_2805_resized.jpg,tree_as_5,5,0,12,0,0,1,1
Image_2806_resized.txt,Image_2806_resized.jpg,tree_as_5,0,0,5,0,0,1,1
Image_2807_resized.txt,Image_2807_resized.jpg,tree_as_5,2,0,11,0,0,1,1
Image_2808_resized.txt,Image_2808_resized.jpg,tree_as_5,0,0,0,0,11,2,1
Image_2809_resized.txt,Image_2809_resized.jpg,tree_as_5,0,0,9,0,0,1,1
Image_280_resized.txt,Image_280_resized.jpg,paper_order,1,9,1,0,1,8,0
Image_2810_resized.txt,Image_2810_resized.jpg,tree_as_5,0,0,8,0,0,1,1
Image_2811_resized.txt,Image_2811_resized.jpg,tree_as_5,2,4,3,0,0,1,1
Image_2812_resized.txt,Image_2812_resized.jpg,tree_as_5,1,0,1,0,1,1,1
Image_2813_resized.txt,Image_2813_resized.jpg,tree_as_5,1,0,1,0,3,1,1
Image_2814_resized.txt,Image_2814_resized.jpg,tree_as_5,2,0,8,1,3,1,1
Image_2815_resized.txt,Image_2815_resized.jpg,tree_as_5,1,4,1,0,6,1,1
Image_2816_resized.txt,Image_2816_resized.jpg,tree_as_5,2,0,11,1,1,1,1
Image_2817_resized.txt,Image_2817_resized.jpg,tree_as_5,4,0,0,0,3,1,1
Image_2818_resized.txt,Image_2818_resized.jpg,tree_as_5,0,0,8,0,0,1,1
Image_2819_resized.txt,Image_2819_resized.jpg,tree_as_5,0,2,4,0,6,1,1
Image_281_resized.txt,Image_281_resized.jpg,paper_order,1,22,0,7,18,3,0
Image_2820_resized.txt,Image_2820_resized.jpg,tree_as_5,0,0,11,0,6,1,1
Image_2821_resized.txt,Image_2821_resized.jpg,tree_as_5,0,8,6,0,6,1,1
Image_2822_resized.txt,Image_2822_resized.jpg,paper_order,1,1,6,0,2,1,0
Image_2823_resized.txt,Image_2823_resized.jpg,tree_as_5,0,2,15,0,1,1,1
Image_2824_resized.txt,Image_2824_resized.jpg,tree_as_5,2,0,1,0,2,1,1
Image_2825_resized.txt,Image_2825_resized.jpg,tree_as_5,1,9,3,0,0,1,1
Image_2826_resized.txt,Image_2826_resized.jpg,tree_as_5,2,9,0,0,0,1,1
Image_2827_resized.txt,Image_2827_resized.jpg,tree_as_5,0,3,3,0,9,1,1
Image_2828_resized.txt,Image_2828_resized.jpg,tree_as_5,0,1,0,0,4,1,1
Image_2829_resized.txt,Image_2829_resized.jpg,tree_as_5,0,2,22,0,4,1,1
Image_282_resized.txt,Image_282_resized.jpg,paper_order,1,9,0,0,0,12,0
Image_2830_resized.txt,Image_2830_resized.jpg,tree_as_5,0,0,1,0,3,1,1
Image_2831_resized.txt,Image_2831_resized.jpg,tree_as_5,1,2,6,0,8,1,1
Image_2832_resized.txt,Image_2832_resized.jpg,tree_as_5,0,0,12,0,2,1,1
Image_2833_resized.txt,Image_2833_resized.jpg,tree_as_5,1,5,1,0,3,1,1
Image_2834_resized.txt,Image_2834_resized.jpg,tree_as_5,0,0,6,0,2,1,1
Image_2835_resized.txt,Image_2835_resized.jpg,tree_as_5,2,5,3,0,8,1,1
Image_2836_resized.txt,Image_2836_resized.jpg,tree_as_5,1,8,2,0,0,1,1
Image_2837_resized.txt,Image_2837_resized.jpg,paper_order,1,4,3,0,5,1,0
Image_2838_resized.txt,Image_2838_resized.jpg,tree_as_5,0,1,3,0,0,1,1
Image_2839_resized.txt,Image_2839_resized.jpg,tree_as_5,3,3,3,0,3,1,1
Image_283_resized.txt,Image_283_resized.jpg,paper_order,1,6,0,3,5,12,0
Image_2840_resized.txt,Image_2840_resized.jpg,tree_as_5,0,0,1,0,2,1,1
Image_2841_resized.txt,Image_2841_resized.jpg,tree_as_5,0,0,7,0,2,1,1
Image_2842_resized.txt,Image_2842_resized.jpg,tree_as_5,1,1,0,0,1,1,1
Image_2843_resized.txt,Image_2843_resized.jpg,paper_order,0,0,15,1,0,1,0
Image_2844_resized.txt,Image_2844_resized.jpg,tree_as_5,2,2,1,0,0,1,1
Image_2845_resized.txt,Image_2845_resized.jpg,tree_as_5,0,0,9,0,0,1,1
Image_2846_resized.txt,Image_2846_resized.jpg,tree_as_5,4,1,7,0,2,1,1
Image_2847_resized.txt,Image_2847_resized.jpg,tree_as_5,1,4,1,0,3,1,1
Image_2848_resized.txt,Image_2848_resized.jpg,tree_as_5,3,3,6,0,0,1,1
Image_2849_resized.txt,Image_2849_resized.jpg,tree_as_5,0,0,6,0,1,1,1
Image_284_resized.txt,Image_284_resized.jpg,paper_order,1,12,12,0,1,54,0
Image_2850_resized.txt,Image_2850_resized.jpg,tree_as_5,4,3,5,0,0,1,1
Image_2851_resized.txt,Image_2851_resized.jpg,tree_as_5,2,1,0,0,3,1,1
Image_2852_resized.txt,Image_2852_resized.jpg,tree_as_5,1,3,2,0,0,1,1
Image_2853_resized.txt,Image_2853_resized.jpg,tree_as_5,0,0,4,0,0,1,1
Image_2854_resized.txt,Image_2854_resized.jpg,tree_as_5,1,3,0,0,1,1,1
Image_2855_resized.txt,Image_2855_resized.jpg,tree_as_5,0,0,10,0,1,1,1
Image_2856_resized.txt,Image_2856_resized.jpg,tree_as_5,3,4,0,0,0,1,1
Image_2857_resized.txt,Image_2857_resized.jpg,tree_as_5,0,0,0,0,9,1,1
Image_2858_resized.txt,Image_2858_resized.jpg,paper_order,6,3,8,0,0,1,0
Image_2859_resized.txt,Image_2859_resized.jpg,tree_as_5,0,9,6,0,0,1,1
Image_285_resized.txt,Image_285_resized.jpg,paper_order,1,34,0,1,6,0,0
Image_2860_resized.txt,Image_2860_resized.jpg,tree_as_5,2,2,2,0,0,1,1
Image_2861_resized.txt,Image_2861_resized.jpg,tree_as_5,0,2,0,0,4,1,1
Image_2862_resized.txt,Image_2862_resized.jpg,tree_as_5,3,13,2,0,2,1,1
Image_2863_resized.txt,Image_2863_resized.jpg,tree_as_5,0,0,3,0,3,1,1
Image_2864_resized.txt,Image_2864_resized.jpg,tree_as_5,4,4,5,0,0,1,1
Image_2865_resized.txt,Image_2865_resized.jpg,tree_as_5,0,0,10,0,2,1,1
Image_2866_resized.txt,Image_2866_resized.jpg,tree_as_5,4,5,4,0,1,1,1
Image_2867_resized.txt,Image_2867_resized.jpg,paper_order,1,0,3,2,0,11,0
Image_2868_resized.txt,Image_2868_resized.jpg,tree_as_5,2,3,4,0,0,1,1
Image_2869_resized.txt,Image_2869_resized.jpg,paper_order,0,0,7,0,2,1,0
Image_286_resized.txt,Image_286_resized.jpg,paper_order,1,10,3,0,0,44,0
Image_2870_resized.txt,Image_2870_resized.jpg,tree_as_5,2,8,0,0,0,1,1
Image_2871_resized.txt,Image_2871_resized.jpg,tree_as_5,2,3,0,0,1,1,1
Image_2872_resized.txt,Image_2872_resized.jpg,tree_as_5,3,9,2,0,0,1,1
Image_2873_resized.txt,Image_2873_resized.jpg,tree_as_5,1,3,0,0,4,1,1
Image_2874_resized.txt,Image_2874_resized.jpg,tree_as_5,2,5,6,0,0,1,1
Image_2875_resized.txt,Image_2875_resized.jpg,tree_as_5,1,2,11,0,0,1,1
Image_2876_resized.txt,Image_2876_resized.jpg,tree_as_5,5,0,18,0,0,1,1
Image_2877_resized.txt,Image_2877_resized.jpg,tree_as_5,0,1,2,0,8,1,1
Image_2878_resized.txt,Image_2878_resized.jpg,tree_as_5,1,4,15,0,0,1,1
Image_2879_resized.txt,Image_2879_resized.jpg,tree_as_5,1,7,3,0,0,1,1
Image_287_resized.txt,Image_287_resized.jpg,paper_order,1,12,0,0,0,23,0
Image_2880_resized.txt,Image_2880_resized.jpg,tree_as_5,2,1,5,0,1,1,1
Image_2881_resized.txt,Image_2881_resized.jpg,tree_as_5,0,2,9,0,0,1,1
Image_2882_resized.txt,Image_2882_resized.jpg,paper_order,2,2,7,0,0,0,0
Image_2883_resized.txt,Image_2883_resized.jpg,tree_as_5,2,3,4,0,6,1,1
Image_2884_resized.txt,Image_2884_resized.jpg,tree_as_5,2,0,11,0,1,1,1
Image_2885_resized.txt,Image_2885_resized.jpg,tree_as_5,2,0,7,0,10,1,1
Image_2886_resized.txt,Image_2886_resized.jpg,tree_as_5,3,0,14,0,1,1,1
Image_2887_resized.txt,Image_2887_resized.jpg,tree_as_5,1,0,13,0,2,1,1
Image_2888_resized.txt,Image_2888_resized.jpg,tree_as_5,2,3,6,0,0,1,1
Image_2889_resized.txt,Image_2889_resized.jpg,tree_as_5,4,0,15,0,0,1,1
Image_288_resized.txt,Image_288_resized.jpg,paper_order,1,14,0,0,0,30,0
Image_2890_resized.txt,Image_2890_resized.jpg,tree_as_5,2,0,11,0,0,1,1
Image_2891_resized.txt,Image_2891_resized.jpg,tree_as_5,3,2,10,0,0,1,1
Image_2892_resized.txt,Image_2892_resized.jpg,tree_as_5,3,0,7,0,0,1,1
Image_2893_resized.txt,Image_2893_resized.jpg,tree_as_5,0,0,7,0,0,1,1
Image_2894_resized.txt,Image_2894_resized.jpg,tree_as_5,0,1,6,0,0,1,1
Image_2895_resized.txt,Image_2895_resized.jpg,tree_as_5,0,0,9,0,2,1,1
Image_2896_resized.txt,Image_2896_resized.jpg,tree_as_5,3,3,27,0,0,1,1
Image_2897_resized.txt,Image_2897_resized.jpg,tree_as_5,0,0,11,0,3,1,1
Image_2898_resized.txt,Image_2898_resized.jpg,tree_as_5,1,2,20,0,1,1,1
Image_2899_resized.txt,Image_2899_resized.jpg,tree_as_5,0,0,4,0,0,1,1
Image_289_resized.txt,Image_289_resized.jpg,paper_order,1,8,0,0,0,37,0
Image_28_resized.txt,Image_28_resized.jpg,paper_order,1,27,3,19,11,68,0
Image_2900_resized.txt,Image_2900_resized.jpg,tree_as_5,1,3,21,0,2,1,1
Image_2901_resized.txt,Image_2901_resized.jpg,tree_as_5,0,0,5,0,0,1,1
Image_2902_resized.txt,Image_2902_resized.jpg,tree_as_5,1,0,22,1,0,1,1
Image_2903_resized.txt,Image_2903_resized.jpg,tree_as_5,2,0,11,0,0,1,1
Image_2904_resized.txt,Image_2904_resized.jpg,tree_as_5,1,0,8,0,0,2,1
Image_2905_resized.txt,Image_2905_resized.jpg,tree_as_5,1,0,8,0,2,1,1
Image_2906_resized.txt,Image_2906_resized.jpg,tree_as_5,1,9,27,0,1,1,1
Image_2907_resized.txt,Image_2907_resized.jpg,tree_as_5,0,0,3,0,0,1,1
Image_2908_resized.txt,Image_2908_resized.jpg,tree_as_5,1,3,17,0,3,1,1
Image_2909_resized.txt,Image_2909_resized.jpg,tree_as_5,0,1,6,0,2,1,1
Image_290_resized.txt,Image_290_resized.jpg,paper_order,1,12,5,0,0,35,0
Image_2910_resized.txt,Image_2910_resized.jpg,tree_as_5,2,8,18,0,0,1,1
Image_2911_resized.txt,Image_2911_resized.jpg,tree_as_5,0,1,3,0,0,1,1
Image_2912_resized.txt,Image_2912_resized.jpg,tree_as_5,1,0,9,1,1,1,1
Image_2913_resized.txt,Image_2913_resized.jpg,tree_as_5,1,1,8,0,0,1,1
Image_2914_resized.txt,Image_2914_resized.jpg,tree_as_5,0,2,3,0,0,2,1
Image_2915_resized.txt,Image_2915_resized.jpg,tree_as_5,2,0,9,0,0,1,1
Image_2916_resized.txt,Image_2916_resized.jpg,tree_as_5,1,1,5,0,0,1,1
Image_2917_resized.txt,Image_2917_resized.jpg,tree_as_5,0,0,5,0,0,1,1
Image_2918_resized.txt,Image_2918_resized.jpg,tree_as_5,0,0,4,0,1,1,1
Image_2919_resized.txt,Image_2919_resized.jpg,tree_as_5,1,1,10,0,2,1,1
Image_291_resized.txt,Image_291_resized.jpg,paper_order,1,16,7,1,0,34,0
Image_2920_resized.txt,Image_2920_resized.jpg,tree_as_5,0,0,3,1,0,1,1
Image_2921_resized.txt,Image_2921_resized.jpg,tree_as_5,6,1,21,0,1,1,1
Image_2922_resized.txt,Image_2922_resized.jpg,tree_as_5,0,0,0,0,4,1,1
Image_2923_resized.txt,Image_2923_resized.jpg,tree_as_5,3,0,19,0,0,1,1
Image_2924_resized.txt,Image_2924_resized.jpg,tree_as_5,0,0,4,0,0,1,1
Image_2925_resized.txt,Image_2925_resized.jpg,tree_as_5,14,2,36,0,0,1,1
Image_2926_resized.txt,Image_2926_resized.jpg,tree_as_5,0,2,5,0,0,1,1
Image_2927_resized.txt,Image_2927_resized.jpg,tree_as_5,7,0,38,0,2,1,1
Image_2928_resized.txt,Image_2928_resized.jpg,tree_as_5,3,3,13,0,0,1,1
Image_2929_resized.txt,Image_2929_resized.jpg,tree_as_5,5,0,27,0,1,1,1
Image_292_resized.txt,Image_292_resized.jpg,paper_order,1,17,5,0,0,59,0
Image_2930_resized.txt,Image_2930_resized.jpg,tree_as_5,7,6,12,0,0,1,1
Image_2931_resized.txt,Image_2931_resized.jpg,tree_as_5,4,0,11,0,1,1,1
Image_2932_resized.txt,Image_2932_resized.jpg,tree_as_5,1,1,6,0,0,1,1
Image_2933_resized.txt,Image_2933_resized.jpg,tree_as_5,2,0,14,0,1,1,1
Image_2934_resized.txt,Image_2934_resized.jpg,tree_as_5,0,12,10,0,0,1,1
Image_2935_resized.txt,Image_2935_resized.jpg,tree_as_5,2,0,24,0,0,1,1
Image_2936_resized.txt,Image_2936_resized.jpg,tree_as_5,2,0,5,0,0,1,1
Image_2937_resized.txt,Image_2937_resized.jpg,tree_as_5,3,3,13,0,0,1,1
Image_2938_resized.txt,Image_2938_resized.jpg,tree_as_5,2,0,12,0,0,1,1
Image_2939_resized.txt,Image_2939_resized.jpg,tree_as_5,1,0,7,0,0,1,1
Image_293_resized.txt,Image_293_resized.jpg,paper_order,1,5,0,0,0,54,0
Image_2940_resized.txt,Image_2940_resized.jpg,tree_as_5,9,1,4,0,0,1,1
Image_2941_resized.txt,Image_2941_resized.jpg,tree_as_5,5,6,13,0,5,1,1
Image_2942_resized.txt,Image_2942_resized.jpg,tree_as_5,4,0,3,0,0,1,1
Image_2943_resized.txt,Image_2943_resized.jpg,tree_as_5,2,0,10,0,0,1,1
Image_2944_resized.txt,Image_2944_resized.jpg,tree_as_5,6,0,11,0,0,1,1
Image_2945_resized.txt,Image_2945_resized.jpg,tree_as_5,1,0,12,0,4,1,1
Image_2946_resized.txt,Image_2946_resized.jpg,tree_as_5,0,0,7,0,0,1,1
Image_2947_resized.txt,Image_2947_resized.jpg,tree_as_5,3,4,6,0,4,1,1
Image_2948_resized.txt,Image_2948_resized.jpg,tree_as_5,0,0,7,0,2,1,1
Image_2949_resized.txt,Image_2949_resized.jpg,tree_as_5,3,3,4,0,0,1,1
Image_294_resized.txt,Image_294_resized.jpg,paper_order,1,0,0,0,0,56,0
Image_2950_resized.txt,Image_2950_resized.jpg,tree_as_5,1,0,4,0,1,1,1
Image_2951_resized.txt,Image_2951_resized.jpg,tree_as_5,4,7,6,0,8,1,1
Image_2952_resized.txt,Image_2952_resized.jpg,tree_as_5,3,0,0,0,0,1,1
Image_2953_resized.txt,Image_2953_resized.jpg,tree_as_5,2,0,6,0,1,1,1
Image_2954_resized.txt,Image_2954_resized.jpg,tree_as_5,3,0,8,0,0,1,1
Image_2955_resized.txt,Image_2955_resized.jpg,tree_as_5,1,0,5,0,5,1,1
Image_2956_resized.txt,Image_2956_resized.jpg,tree_as_5,4,1,2,0,0,1,1
Image_2957_resized.txt,Image_2957_resized.jpg,tree_as_5,2,0,0,0,5,1,1
Image_2958_resized.txt,Image_2958_resized.jpg,tree_as_5,0,1,9,0,0,1,1
Image_2959_resized.txt,Image_2959_resized.jpg,tree_as_5,0,0,3,0,4,1,1
Image_295_resized.txt,Image_295_resized.jpg,paper_order,1,8,2,0,1,48,0
Image_2960_resized.txt,Image_2960_resized.jpg,tree_as_5,5,7,3,0,0,1,1
Image_2961_resized.txt,Image_2961_resized.jpg,tree_as_5,8,5,15,2,4,1,1
Image_2962_resized.txt,Image_2962_resized.jpg,tree_as_5,0,0,5,0,0,1,1
Image_2963_resized.txt,Image_2963_resized.jpg,tree_as_5,3,4,8,0,12,1,1
Image_2964_resized.txt,Image_2964_resized.jpg,tree_as_5,1,0,4,0,1,1,1
Image_2965_resized.txt,Image_2965_resized.jpg,tree_as_5,2,0,31,0,1,1,1
Image_2966_resized.txt,Image_2966_resized.jpg,tree_as_5,1,4,1,0,4,1,1
Image_2967_resized.txt,Image_2967_resized.jpg,tree_as_5,7,19,3,0,0,1,1
Image_2968_resized.txt,Image_2968_resized.jpg,tree_as_5,3,1,0,0,13,1,1
Image_2969_resized.txt,Image_2969_resized.jpg,tree_as_5,7,16,2,0,1,1,1
Image_296_resized.txt,Image_296_resized.jpg,paper_order,1,1,0,0,0,20,0
Image_2970_resized.txt,Image_2970_resized.jpg,tree_as_5,3,0,0,0,7,1,1
Image_2971_resized.txt,Image_2971_resized.jpg,tree_as_5,0,4,8,0,4,1,1
Image_2972_resized.txt,Image_2972_resized.jpg,tree_as_5,4,10,2,0,4,1,1
Image_2973_resized.txt,Image_2973_resized.jpg,paper_order,3,2,2,0,6,1,0
Image_2974_resized.txt,Image_2974_resized.jpg,tree_as_5,2,13,0,0,2,1,1
Image_2975_resized.txt,Image_2975_resized.jpg,tree_as_5,6,5,3,0,12,1,1
Image_2976_resized.txt,Image_2976_resized.jpg,tree_as_5,6,9,0,0,2,1,1
Image_2977_resized.txt,Image_2977_resized.jpg,tree_as_5,4,1,1,0,4,1,1
Image_2978_resized.txt,Image_2978_resized.jpg,tree_as_5,2,8,7,0,6,1,1
Image_2979_resized.txt,Image_2979_resized.jpg,tree_as_5,2,0,0,0,1,1,1
Image_297_resized.txt,Image_297_resized.jpg,paper_order,1,0,0,0,0,33,0
Image_2980_resized.txt,Image_2980_resized.jpg,tree_as_5,4,6,0,0,0,1,1
Image_2981_resized.txt,Image_2981_resized.jpg,tree_as_5,6,6,8,0,6,1,1
Image_2982_resized.txt,Image_2982_resized.jpg,tree_as_5,5,9,0,0,0,1,1
Image_2983_resized.txt,Image_2983_resized.jpg,tree_as_5,3,8,0,0,0,1,1
Image_2984_resized.txt,Image_2984_resized.jpg,tree_as_5,2,3,0,0,0,1,1
Image_2985_resized.txt,Image_2985_resized.jpg,tree_as_5,3,7,7,0,1,1,1
Image_2986_resized.txt,Image_2986_resized.jpg,tree_as_5,4,12,8,0,2,1,1
Image_2987_resized.txt,Image_2987_resized.jpg,tree_as_5,3,1,5,0,1,1,1
Image_2988_resized.txt,Image_2988_resized.jpg,tree_as_5,5,8,0,0,0,1,1
Image_2989_resized.txt,Image_2989_resized.jpg,tree_as_5,4,8,4,1,0,1,1
Image_298_resized.txt,Image_298_resized.jpg,paper_order,1,33,1,2,0,43,0
Image_2990_resized.txt,Image_2990_resized.jpg,tree_as_5,4,3,7,0,3,1,1
Image_2991_resized.txt,Image_2991_resized.jpg,tree_as_5,1,0,3,0,0,1,1
Image_2992_resized.txt,Image_2992_resized.jpg,tree_as_5,1,2,3,0,1,1,1
Image_2993_resized.txt,Image_2993_resized.jpg,tree_as_5,0,0,3,0,1,1,1
Image_2994_resized.txt,Image_2994_resized.jpg,tree_as_5,1,2,4,0,0,1,1
Image_2995_resized.txt,Image_2995_resized.jpg,tree_as_5,2,0,1,0,1,1,1
Image_2996_resized.txt,Image_2996_resized.jpg,tree_as_5,6,1,9,0,1,1,1
Image_2997_resized.txt,Image_2997_resized.jpg,paper_order,0,0,6,0,1,1,0
Image_2998_resized.txt,Image_2998_resized.jpg,tree_as_5,2,0,6,0,1,1,1
Image_2999_resized.txt,Image_2999_resized.jpg,tree_as_5,2,0,6,0,1,1,1
Image_299_resized.txt,Image_299_resized.jpg,paper_order,1,0,0,0,0,32,0
Image_29_resized.txt,Image_29_resized.jpg,paper_order,1,13,7,13,7,83,0
Image_2_resized.txt,Image_2_resized.jpg,paper_order,1,26,4,29,11,34,0
Image_3000_resized.txt,Image_3000_resized.jpg,tree_as_5,2,4,15,0,6,1,1
Image_3001_resized.txt,Image_3001_resized.jpg,tree_as_5,0,0,3,0,0,1,1
Image_3002_resized.txt,Image_3002_resized.jpg,tree_as_5,0,0,9,0,1,1,1
Image_3003_resized.txt,Image_3003_resized.jpg,tree_as_5,0,0,3,0,0,1,1
Image_3004_resized.txt,Image_3004_resized.jpg,tree_as_5,2,1,5,0,3,1,1
Image_3005_resized.txt,Image_3005_resized.jpg,tree_as_5,0,0,7,0,0,1,1
Image_3006_resized.txt,Image_3006_resized.jpg,tree_as_5,3,0,3,0,4,1,1
Image_3007_resized.txt,Image_3007_resized.jpg,tree_as_5,3,0,7,0,2,1,1
Image_3008_resized.txt,Image_3008_resized.jpg,tree_as_5,0,0,3,0,0,1,1
Image_3009_resized.txt,Image_3009_resized.jpg,tree_as_5,0,0,4,0,0,1,1
Image_300_resized.txt,Image_300_resized.jpg,paper_order,1,12,0,2,0,48,0
Image_3010_resized.txt,Image_3010_resized.jpg,tree_as_5,0,0,2,0,1,1,1
Image_3011_resized.txt,Image_3011_resized.jpg,tree_as_5,3,1,12,0,1,1,1
Image_3012_resized.txt,Image_3012_resized.jpg,tree_as_5,0,0,6,0,0,1,1
Image_3013_resized.txt,Image_3013_resized.jpg,tree_as_5,1,1,11,0,3,1,1
Image_3014_resized.txt,Image_3014_resized.jpg,tree_as_5,3,3,4,0,0,1,1
Image_3015_resized.txt,Image_3015_resized.jpg,tree_as_5,0,0,4,0,0,1,1
Image_3016_resized.txt,Image_3016_resized.jpg,tree_as_5,0,16,15,0,6,1,1
Image_3017_resized.txt,Image_3017_resized.jpg,tree_as_5,1,0,5,0,0,1,1
Image_3018_resized.txt,Image_3018_resized.jpg,paper_order,1,6,8,0,0,1,0
Image_3019_resized.txt,Image_3019_resized.jpg,tree_as_5,1,0,16,0,0,1,1
Image_301_resized.txt,Image_301_resized.jpg,paper_order,1,5,0,0,0,14,0
Image_3020_resized.txt,Image_3020_resized.jpg,tree_as_5,1,8,17,0,3,1,1
Image_3021_resized.txt,Image_3021_resized.jpg,paper_order,1,0,8,0,0,1,0
Image_3022_resized.txt,Image_3022_resized.jpg,tree_as_5,1,10,19,0,4,1,1
Image_3023_resized.txt,Image_3023_resized.jpg,tree_as_5,1,0,5,0,0,1,1
Image_3024_resized.txt,Image_3024_resized.jpg,tree_as_5,1,4,17,0,0,1,1
Image_3025_resized.txt,Image_3025_resized.jpg,tree_as_5,4,0,6,0,7,1,1
Image_3026_resized.txt,Image_3026_resized.jpg,tree_as_5,0,5,9,0,1,1,1
Image_3027_resized.txt,Image_3027_resized.jpg,tree_as_5,1,0,1,0,0,1,1
Image_3028_resized.txt,Image_3028_resized.jpg,tree_as_5,1,6,12,0,1,1,1
Image_3029_resized.txt,Image_3029_resized.jpg,tree_as_5,0,0,3,0,0,1,1
Image_302_resized.txt,Image_302_resized.jpg,paper_order,1,16,0,0,0,38,0
Image_3030_resized.txt,Image_3030_resized.jpg,tree_as_5,1,6,8,0,4,1,1
Image_3031_resized.txt,Image_3031_resized.jpg,tree_as_5,0,0,0,0,1,1,1
Image_3032_resized.txt,Image_3032_resized.jpg,tree_as_5,1,3,11,0,2,1,1
Image_3033_resized.txt,Image_3033_resized.jpg,tree_as_5,0,0,2,0,0,1,1
Image_3034_resized.txt,Image_3034_resized.jpg,tree_as_5,0,0,1,0,11,1,1
Image_3035_resized.txt,Image_3035_resized.jpg,tree_as_5,0,0,0,0,1,1,1
Image_3036_resized.txt,Image_3036_resized.jpg,tree_as_5,0,3,4,0,7,1,1
Image_3037_resized.txt,Image_3037_resized.jpg,tree_as_5,1,0,1,0,1,1,1
Image_3038_resized.txt,Image_3038_resized.jpg,tree_as_5,0,9,10,0,6,1,1
Image_3039_resized.txt,Image_3039_resized.jpg,tree_as_5,0,0,2,0,0,1,1
Image_303_resized.txt,Image_303_resized.jpg,paper_order,1,3,3,0,0,27,0
Image_3040_resized.txt,Image_3040_resized.jpg,tree_as_5,1,0,3,0,1,1,1
Image_3041_resized.txt,Image_3041_resized.jpg,tree_as_5,1,6,17,0,15,1,1
Image_3042_resized.txt,Image_3042_resized.jpg,tree_as_5,2,7,7,0,6,1,1
Image_3043_resized.txt,Image_3043_resized.jpg,tree_as_5,0,0,7,0,2,1,1
Image_3044_resized.txt,Image_3044_resized.jpg,tree_as_5,1,8,5,0,2,1,1
Image_3045_resized.txt,Image_3045_resized.jpg,tree_as_5,1,0,5,0,0,1,1
Image_3046_resized.txt,Image_3046_resized.jpg,tree_as_5,0,10,5,0,4,1,1
Image_3047_resized.txt,Image_3047_resized.jpg,tree_as_5,0,0,9,0,2,1,1
Image_3048_resized.txt,Image_3048_resized.jpg,tree_as_5,2,18,3,0,4,1,1
Image_3049_resized.txt,Image_3049_resized.jpg,tree_as_5,0,0,4,0,1,1,1
Image_304_resized.txt,Image_304_resized.jpg,paper_order,1,12,0,3,0,46,0
Image_3050_resized.txt,Image_3050_resized.jpg,tree_as_5,1,4,15,0,1,1,1
Image_3051_resized.txt,Image_3051_resized.jpg,tree_as_5,0,0,6,0,0,1,1
Image_3052_resized.txt,Image_3052_resized.jpg,tree_as_5,0,0,2,0,3,1,1
Image_3053_resized.txt,Image_3053_resized.jpg,tree_as_5,1,0,7,0,1,1,1
Image_3054_resized.txt,Image_3054_resized.jpg,tree_as_5,2,6,1,0,3,1,1
Image_3055_resized.txt,Image_3055_resized.jpg,tree_as_5,0,0,0,0,1,1,1
Image_3056_resized.txt,Image_3056_resized.jpg,tree_as_5,1,0,4,0,0,1,1
Image_3057_resized.txt,Image_3057_resized.jpg,tree_as_5,2,0,2,0,1,1,1
Image_3058_resized.txt,Image_3058_resized.jpg,tree_as_5,6,11,5,0,14,1,1
Image_3059_resized.txt,Image_3059_resized.jpg,tree_as_5,2,0,0,0,1,1,1
Image_305_resized.txt,Image_305_resized.jpg,paper_order,1,2,3,0,0,35,0
Image_3060_resized.txt,Image_3060_resized.jpg,tree_as_5,4,6,1,0,5,1,1
Image_3061_resized.txt,Image_3061_resized.jpg,tree_as_5,2,0,7,0,0,1,1
Image_3062_resized.txt,Image_3062_resized.jpg,tree_as_5,3,5,1,0,8,1,1
Image_3063_resized.txt,Image_3063_resized.jpg,tree_as_5,1,0,2,0,0,1,1
Image_3064_resized.txt,Image_3064_resized.jpg,tree_as_5,2,8,0,0,2,1,1
Image_3065_resized.txt,Image_3065_resized.jpg,tree_as_5,0,0,5,0,0,1,1
Image_3066_resized.txt,Image_3066_resized.jpg,tree_as_5,1,3,0,0,1,1,1
Image_3067_resized.txt,Image_3067_resized.jpg,tree_as_5,0,0,7,0,1,1,1
Image_3068_resized.txt,Image_3068_resized.jpg,tree_as_5,2,0,8,0,0,1,1
Image_3069_resized.txt,Image_3069_resized.jpg,tree_as_5,0,0,8,0,0,1,1
Image_306_resized.txt,Image_306_resized.jpg,paper_order,1,16,0,1,0,18,0
Image_3070_resized.txt,Image_3070_resized.jpg,tree_as_5,0,0,2,0,3,1,1
Image_3071_resized.txt,Image_3071_resized.jpg,tree_as_5,0,1,2,2,1,1,1
Image_3072_resized.txt,Image_3072_resized.jpg,tree_as_5,2,0,3,0,0,1,1
Image_3073_resized.txt,Image_3073_resized.jpg,tree_as_5,0,3,3,0,4,1,1
Image_3074_resized.txt,Image_3074_resized.jpg,tree_as_5,1,0,22,0,0,1,1
Image_3075_resized.txt,Image_3075_resized.jpg,tree_as_5,0,0,2,0,1,1,1
Image_3076_resized.txt,Image_3076_resized.jpg,tree_as_5,0,0,11,0,3,1,1
Image_3077_resized.txt,Image_3077_resized.jpg,tree_as_5,2,0,14,0,2,1,1
Image_3078_resized.txt,Image_3078_resized.jpg,tree_as_5,0,0,2,0,0,1,1
Image_3079_resized.txt,Image_3079_resized.jpg,tree_as_5,2,0,10,0,0,1,1
Image_307_resized.txt,Image_307_resized.jpg,tree_as_5,0,12,3,0,0,84,1
Image_3080_resized.txt,Image_3080_resized.jpg,tree_as_5,0,0,8,0,1,1,1
Image_3081_resized.txt,Image_3081_resized.jpg,tree_as_5,4,5,8,0,3,1,1
Image_3082_resized.txt,Image_3082_resized.jpg,tree_as_5,0,0,14,0,0,1,1
Image_3083_resized.txt,Image_3083_resized.jpg,tree_as_5,1,0,13,0,2,1,1
Image_3084_resized.txt,Image_3084_resized.jpg,tree_as_5,0,0,6,0,0,1,1
Image_3085_resized.txt,Image_3085_resized.jpg,tree_as_5,3,0,4,0,2,1,1
Image_3086_resized.txt,Image_3086_resized.jpg,tree_as_5,0,0,1,0,1,1,1
Image_3087_resized.txt,Image_3087_resized.jpg,tree_as_5,2,4,4,0,3,1,1
Image_3088_resized.txt,Image_3088_resized.jpg,tree_as_5,2,0,6,0,0,1,1
Image_3089_resized.txt,Image_3089_resized.jpg,tree_as_5,1,4,10,0,2,1,1
Image_308_resized.txt,Image_308_resized.jpg,paper_order,1,15,0,1,0,19,0
Image_3090_resized.txt,Image_3090_resized.jpg,tree_as_5,0,1,9,0,1,1,1
Image_3091_resized.txt,Image_3091_resized.jpg,tree_as_5,1,0,13,0,2,1,1
Image_3092_resized.txt,Image_3092_resized.jpg,tree_as_5,0,0,4,1,0,1,1
Image_3093_resized.txt,Image_3093_resized.jpg,tree_as_5,0,1,8,0,2,1,1
Image_3094_resized.txt,Image_3094_resized.jpg,tree_as_5,0,1,7,0,7,1,1
Image_3095_resized.txt,Image_3095_resized.jpg,tree_as_5,0,0,4,0,1,1,1
Image_3096_resized.txt,Image_3096_resized.jpg,tree_as_5,0,4,0,0,0,1,1
Image_3097_resized.txt,Image_3097_resized.jpg,tree_as_5,0,0,5,1,1,1,1
Image_3098_resized.txt,Image_3098_resized.jpg,tree_as_5,2,8,1,1,3,1,1
Image_309_resized.txt,Image_309_resized.jpg,tree_as_5,0,10,10,0,0,104,1
Image_30_resized.txt,Image_30_resized.jpg,paper_order,1,0,0,5,3,22,0
Image_310_resized.txt,Image_310_resized.jpg,paper_order,1,19,1,2,0,28,0
Image_311_resized.txt,Image_311_resized.jpg,paper_order,1,6,0,0,0,29,0
Image_312_resized.txt,Image_312_resized.jpg,paper_order,1,18,2,1,0,27,0
Image_313_resized.txt,Image_313_resized.jpg,paper_order,1,7,0,0,0,53,0
Image_314_resized.txt,Image_314_resized.jpg,paper_order,1,28,2,0,0,11,0
Image_315_resized.txt,Image_315_resized.jpg,paper_order,1,13,0,3,0,47,0
Image_316_resized.txt,Image_316_resized.jpg,paper_order,1,21,6,5,0,9,0
Image_317_resized.txt,Image_317_resized.jpg,paper_order,1,13,6,0,0,38,0
Image_318_resized.txt,Image_318_resized.jpg,paper_order,1,14,2,0,0,21,0
Image_319_resized.txt,Image_319_resized.jpg,paper_order,1,32,1,0,0,47,0
Image_31_resized.txt,Image_31_resized.jpg,paper_order,1,4,0,13,3,17,0
Image_320_resized.txt,Image_320_resized.jpg,paper_order,1,11,3,0,0,0,0
Image_321_resized.txt,Image_321_resized.jpg,paper_order,1,7,0,0,0,41,0
Image_322_resized.txt,Image_322_resized.jpg,paper_order,1,15,0,2,0,1,0
Image_323_resized.txt,Image_323_resized.jpg,paper_order,1,1,0,0,0,51,0
Image_324_resized.txt,Image_324_resized.jpg,paper_order,1,7,3,0,0,7,0
Image_325_resized.txt,Image_325_resized.jpg,paper_order,1,4,6,1,0,103,0
Image_326_resized.txt,Image_326_resized.jpg,paper_order,1,3,0,26,0,15,0
Image_327_resized.txt,Image_327_resized.jpg,paper_order,1,0,1,0,0,67,0
Image_328_resized.txt,Image_328_resized.jpg,paper_order,1,1,0,12,0,11,0
Image_329_resized.txt,Image_329_resized.jpg,paper_order,1,4,0,0,0,53,0
Image_32_resized.txt,Image_32_resized.jpg,paper_order,1,37,59,9,1,7,0
Image_330_resized.txt,Image_330_resized.jpg,paper_order,1,9,0,22,0,11,0
Image_331_resized.txt,Image_331_resized.jpg,paper_order,1,2,0,2,0,48,0
Image_332_resized.txt,Image_332_resized.jpg,paper_order,1,3,0,18,0,16,0
Image_333_resized.txt,Image_333_resized.jpg,paper_order,1,1,0,0,0,18,0
Image_334_resized.txt,Image_334_resized.jpg,paper_order,1,6,0,24,0,21,0
Image_335_resized.txt,Image_335_resized.jpg,paper_order,1,4,0,1,0,51,0
Image_336_resized.txt,Image_336_resized.jpg,paper_order,1,3,0,7,0,19,0
Image_337_resized.txt,Image_337_resized.jpg,paper_order,1,10,0,0,0,46,0
Image_338_resized.txt,Image_338_resized.jpg,paper_order,1,3,0,21,0,19,0
Image_339_resized.txt,Image_339_resized.jpg,paper_order,1,6,0,0,0,43,0
Image_33_resized.txt,Image_33_resized.jpg,paper_order,1,31,32,3,0,13,0
Image_340_resized.txt,Image_340_resized.jpg,paper_order,1,5,0,17,0,13,0
Image_341_resized.txt,Image_341_resized.jpg,paper_order,0,5,0,0,0,10,0
Image_342_resized.txt,Image_342_resized.jpg,paper_order,1,8,3,3,0,2,0
Image_343_resized.txt,Image_343_resized.jpg,paper_order,1,7,0,0,0,6,0
Image_344_resized.txt,Image_344_resized.jpg,paper_order,1,6,1,0,0,1,0
Image_345_resized.txt,Image_345_resized.jpg,paper_order,1,6,2,0,0,45,0
Image_346_resized.txt,Image_346_resized.jpg,paper_order,1,0,0,16,0,10,0
Image_347_resized.txt,Image_347_resized.jpg,paper_order,1,2,0,0,0,37,0
Image_348_resized.txt,Image_348_resized.jpg,paper_order,1,1,0,10,0,4,0
Image_349_resized.txt,Image_349_resized.jpg,paper_order,1,6,1,0,0,17,0
Image_34_resized.txt,Image_34_resized.jpg,paper_order,1,26,27,5,0,13,0
Image_350_resized.txt,Image_350_resized.jpg,paper_order,1,1,0,19,0,7,0
Image_351_resized.txt,Image_351_resized.jpg,paper_order,1,48,9,0,5,32,0
Image_352_resized.txt,Image_352_resized.jpg,paper_order,1,0,0,15,0,11,0
Image_353_resized.txt,Image_353_resized.jpg,paper_order,1,11,11,0,0,24,0
Image_354_resized.txt,Image_354_resized.jpg,paper_order,1,0,0,16,0,10,0
Image_355_resized.txt,Image_355_resized.jpg,paper_order,1,19,1,0,0,41,0
Image_356_resized.txt,Image_356_resized.jpg,paper_order,1,3,0,14,0,15,0
Image_357_resized.txt,Image_357_resized.jpg,paper_order,1,26,0,0,0,53,0
Image_358_resized.txt,Image_358_resized.jpg,paper_order,1,1,0,11,0,15,0
Image_359_resized.txt,Image_359_resized.jpg,paper_order,1,19,0,0,0,49,0
Image_35_resized.txt,Image_35_resized.jpg,paper_order,1,25,34,2,2,14,0
Image_360_resized.txt,Image_360_resized.jpg,paper_order,1,0,0,11,0,16,0
Image_361_resized.txt,Image_361_resized.jpg,paper_order,1,0,0,0,1,5,0
Image_362_resized.txt,Image_362_resized.jpg,paper_order,1,3,3,0,0,5,0
Image_363_resized.txt,Image_363_resized.jpg,paper_order,1,1,0,0,1,12,0
Image_364_resized.txt,Image_364_resized.jpg,paper_order,1,5,3,1,0,1,0
Image_365_resized.txt,Image_365_resized.jpg,tree_as_5,0,0,0,0,1,11,1
Image_366_resized.txt,Image_366_resized.jpg,paper_order,1,5,2,3,0,14,0
Image_367_resized.txt,Image_367_resized.jpg,paper_order,1,4,0,0,0,3,0
Image_368_resized.txt,Image_368_resized.jpg,paper_order,1,6,7,0,0,30,0
Image_369_resized.txt,Image_369_resized.jpg,paper_order,1,6,0,0,0,18,0
Image_36_resized.txt,Image_36_resized.jpg,paper_order,1,13,45,3,0,8,0
Image_370_resized.txt,Image_370_resized.jpg,paper_order,1,0,0,0,0,10,0
Image_371_resized.txt,Image_371_resized.jpg,paper_order,1,1,0,0,1,28,0
Image_372_resized.txt,Image_372_resized.jpg,paper_order,1,0,0,0,0,4,0
Image_373_resized.txt,Image_373_resized.jpg,paper_order,1,4,0,0,2,28,0
Image_374_resized.txt,Image_374_resized.jpg,paper_order,1,1,0,0,0,3,0
Image_375_resized.txt,Image_375_resized.jpg,paper_order,1,9,4,1,0,27,0
Image_376_resized.txt,Image_376_resized.jpg,paper_order,1,3,2,1,0,2,0
Image_377_resized.txt,Image_377_resized.jpg,paper_order,1,13,0,0,1,27,0
Image_378_resized.txt,Image_378_resized.jpg,paper_order,1,5,0,1,0,5,0
Image_379_resized.txt,Image_379_resized.jpg,paper_order,1,17,0,1,0,17,0
Image_37_resized.txt,Image_37_resized.jpg,paper_order,1,10,43,0,2,2,0
Image_380_resized.txt,Image_380_resized.jpg,paper_order,1,20,0,1,0,17,0
Image_381_resized.txt,Image_381_resized.jpg,paper_order,1,10,1,0,0,12,0
Image_382_resized.txt,Image_382_resized.jpg,paper_order,1,19,0,0,0,8,0
Image_383_resized.txt,Image_383_resized.jpg,paper_order,1,14,0,2,0,9,0
Image_384_resized.txt,Image_384_resized.jpg,paper_order,1,14,11,1,0,0,0
Image_385_resized.txt,Image_385_resized.jpg,paper_order,1,13,11,1,0,1,0
Image_386_resized.txt,Image_386_resized.jpg,paper_order,1,12,4,1,0,3,0
Image_387_resized.txt,Image_387_resized.jpg,paper_order,1,6,0,3,0,15,0
Image_388_resized.txt,Image_388_resized.jpg,paper_order,1,11,0,1,0,37,0
Image_389_resized.txt,Image_389_resized.jpg,paper_order,1,14,10,3,0,25,0
Image_38_resized.txt,Image_38_resized.jpg,paper_order,1,30,24,0,0,1,0
Image_390_resized.txt,Image_390_resized.jpg,paper_order,1,16,9,0,0,4,0
Image_391_resized.txt,Image_391_resized.jpg,paper_order,1,13,11,2,0,4,0
Image_392_resized.txt,Image_392_resized.jpg,paper_order,1,16,2,2,0,14,0
Image_393_resized.txt,Image_393_resized.jpg,paper_order,1,10,0,0,0,11,0
Image_394_resized.txt,Image_394_resized.jpg,paper_order,1,9,0,0,0,12,0
Image_395_resized.txt,Image_395_resized.jpg,paper_order,1,22,0,1,0,12,0
Image_396_resized.txt,Image_396_resized.jpg,paper_order,1,18,0,0,0,15,0
Image_397_resized.txt,Image_397_resized.jpg,paper_order,1,23,0,0,0,19,0
Image_398_resized.txt,Image_398_resized.jpg,paper_order,1,21,0,0,0,17,0
Image_399_resized.txt,Image_399_resized.jpg,paper_order,1,29,10,0,0,14,0
Image_39_resized.txt,Image_39_resized.jpg,paper_order,1,45,72,3,2,7,0
Image_3_resized.txt,Image_3_resized.jpg,paper_order,1,22,0,19,6,38,0
Image_400_resized.txt,Image_400_resized.jpg,paper_order,1,21,5,1,0,14,0
Image_401_resized.txt,Image_401_resized.jpg,paper_order,1,25,8,2,0,6,0
Image_402_resized.txt,Image_402_resized.jpg,paper_order,1,42,24,0,0,13,0
Image_403_resized.txt,Image_403_resized.jpg,paper_order,1,26,14,0,0,35,0
Image_404_resized.txt,Image_404_resized.jpg,paper_order,1,26,12,0,0,32,0
Image_405_resized.txt,Image_405_resized.jpg,paper_order,1,18,1,4,0,30,0
Image_406_resized.txt,Image_406_resized.jpg,paper_order,0,28,7,1,0,34,0
Image_407_resized.txt,Image_407_resized.jpg,paper_order,1,22,2,0,0,38,0
Image_408_resized.txt,Image_408_resized.jpg,paper_order,1,13,8,1,0,15,0
Image_409_resized.txt,Image_409_resized.jpg,paper_order,1,4,2,0,0,9,0
Image_40_resized.txt,Image_40_resized.jpg,paper_order,1,14,2,4,0,9,0
Image_410_resized.txt,Image_410_resized.jpg,paper_order,1,2,2,0,0,8,0
Image_411_resized.txt,Image_411_resized.jpg,paper_order,1,13,3,1,0,19,0
Image_412_resized.txt,Image_412_resized.jpg,paper_order,1,7,4,0,0,21,0
Image_413_resized.txt,Image_413_resized.jpg,paper_order,1,8,2,0,0,4,0
Image_414_resized.txt,Image_414_resized.jpg,paper_order,1,7,3,0,0,5,0
Image_415_resized.txt,Image_415_resized.jpg,paper_order,1,0,0,0,0,9,0
Image_416_resized.txt,Image_416_resized.jpg,paper_order,1,0,0,0,0,10,0
Image_417_resized.txt,Image_417_resized.jpg,paper_order,1,0,4,0,0,8,0
Image_418_resized.txt,Image_418_resized.jpg,paper_order,1,0,4,0,0,4,0
Image_419_resized.txt,Image_419_resized.jpg,paper_order,1,0,1,0,0,7,0
Image_41_resized.txt,Image_41_resized.jpg,paper_order,1,17,3,3,0,5,0
Image_420_resized.txt,Image_420_resized.jpg,paper_order,1,25,0,0,0,12,0
Image_421_resized.txt,Image_421_resized.jpg,paper_order,1,31,0,4,0,13,0
Image_422_resized.txt,Image_422_resized.jpg,paper_order,1,2,8,0,0,0,0
Image_423_resized.txt,Image_423_resized.jpg,paper_order,1,6,9,0,0,1,0
Image_424_resized.txt,Image_424_resized.jpg,paper_order,1,19,6,0,0,13,0
Image_425_resized.txt,Image_425_resized.jpg,paper_order,1,16,4,0,0,14,0
Image_426_resized.txt,Image_426_resized.jpg,paper_order,1,4,0,0,0,9,0
Image_427_resized.txt,Image_427_resized.jpg,paper_order,1,8,0,0,0,10,0
Image_428_resized.txt,Image_428_resized.jpg,paper_order,1,14,2,0,0,9,0
Image_429_resized.txt,Image_429_resized.jpg,paper_order,1,7,0,0,0,1,0
Image_42_resized.txt,Image_42_resized.jpg,paper_order,1,5,6,0,1,3,0
Image_430_resized.txt,Image_430_resized.jpg,paper_order,1,5,0,0,0,1,0
Image_431_resized.txt,Image_431_resized.jpg,paper_order,1,5,0,0,0,1,0
Image_432_resized.txt,Image_432_resized.jpg,paper_order,2,5,0,0,0,0,0
Image_433_resized.txt,Image_433_resized.jpg,paper_order,1,19,8,0,0,11,0
Image_434_resized.txt,Image_434_resized.jpg,paper_order,1,26,2,0,0,9,0
Image_435_resized.txt,Image_435_resized.jpg,paper_order,1,25,3,0,0,10,0
Image_436_resized.txt,Image_436_resized.jpg,paper_order,1,21,5,0,0,7,0
Image_437_resized.txt,Image_437_resized.jpg,paper_order,1,24,4,0,0,35,0
Image_438_resized.txt,Image_438_resized.jpg,paper_order,1,23,2,0,0,4,0
Image_439_resized.txt,Image_439_resized.jpg,paper_order,1,2,0,0,0,15,0
Image_43_resized.txt,Image_43_resized.jpg,paper_order,1,27,6,13,2,1,0
Image_440_resized.txt,Image_440_resized.jpg,paper_order,1,17,1,1,0,19,0
Image_441_resized.txt,Image_441_resized.jpg,paper_order,1,5,1,0,0,29,0
Image_442_resized.txt,Image_442_resized.jpg,paper_order,1,7,10,0,0,17,0
Image_443_resized.txt,Image_443_resized.jpg,paper_order,2,28,0,0,0,20,0
Image_444_resized.txt,Image_444_resized.jpg,paper_order,1,28,1,0,0,20,0
Image_445_resized.txt,Image_445_resized.jpg,paper_order,1,30,14,4,0,21,0
Image_446_resized.txt,Image_446_resized.jpg,paper_order,1,28,14,4,0,29,0
Image_447_resized.txt,Image_447_resized.jpg,paper_order,1,20,4,1,0,20,0
Image_448_resized.txt,Image_448_resized.jpg,paper_order,1,33,5,1,0,17,0
Image_449_resized.txt,Image_449_resized.jpg,paper_order,1,20,6,0,0,17,0
Image_44_resized.txt,Image_44_resized.jpg,paper_order,1,43,9,19,1,0,0
Image_450_resized.txt,Image_450_resized.jpg,paper_order,1,13,8,1,0,0,0
Image_451_resized.txt,Image_451_resized.jpg,paper_order,1,20,3,1,0,10,0
Image_452_resized.txt,Image_452_resized.jpg,paper_order,1,17,2,1,0,2,0
Image_453_resized.txt,Image_453_resized.jpg,paper_order,1,2,0,0,0,10,0
Image_454_resized.txt,Image_454_resized.jpg,paper_order,1,0,0,0,0,11,0
Image_455_resized.txt,Image_455_resized.jpg,paper_order,1,6,6,0,0,3,0
Image_456_resized.txt,Image_456_resized.jpg,paper_order,1,1,4,0,0,5,0
Image_457_resized.txt,Image_457_resized.jpg,paper_order,1,1,9,0,0,8,0
Image_458_resized.txt,Image_458_resized.jpg,paper_order,1,14,0,1,0,0,0
Image_459_resized.txt,Image_459_resized.jpg,paper_order,1,11,0,2,0,0,0
Image_45_resized.txt,Image_45_resized.jpg,paper_order,1,43,8,21,0,1,0
Image_460_resized.txt,Image_460_resized.jpg,paper_order,1,7,0,5,0,1,0
Image_461_resized.txt,Image_461_resized.jpg,paper_order,1,24,3,7,0,26,0
Image_462_resized.txt,Image_462_resized.jpg,paper_order,1,18,1,2,0,33,0
Image_463_resized.txt,Image_463_resized.jpg,paper_order,1,15,0,1,0,36,0
Image_464_resized.txt,Image_464_resized.jpg,paper_order,1,19,0,3,0,32,0
Image_465_resized.txt,Image_465_resized.jpg,paper_order,1,38,1,0,0,4,0
Image_466_resized.txt,Image_466_resized.jpg,paper_order,1,34,0,0,0,8,0
Image_467_resized.txt,Image_467_resized.jpg,paper_order,1,36,0,0,0,9,0
Image_468_resized.txt,Image_468_resized.jpg,paper_order,1,37,0,0,0,16,0
Image_469_resized.txt,Image_469_resized.jpg,paper_order,1,12,0,0,0,88,0
Image_46_resized.txt,Image_46_resized.jpg,paper_order,1,24,10,5,1,2,0
Image_470_resized.txt,Image_470_resized.jpg,paper_order,1,3,0,0,0,251,0
Image_471_resized.txt,Image_471_resized.jpg,paper_order,1,3,18,0,0,240,0
Image_472_resized.txt,Image_472_resized.jpg,paper_order,1,6,14,6,0,167,0
Image_473_resized.txt,Image_473_resized.jpg,paper_order,1,28,30,0,0,137,0
Image_474_resized.txt,Image_474_resized.jpg,paper_order,1,37,22,0,0,130,0
Image_475_resized.txt,Image_475_resized.jpg,paper_order,1,14,16,0,0,65,0
Image_476_resized.txt,Image_476_resized.jpg,paper_order,1,7,71,4,0,2,0
Image_477_resized.txt,Image_477_resized.jpg,paper_order,1,30,10,0,0,66,0
Image_478_resized.txt,Image_478_resized.jpg,paper_order,1,12,37,2,0,24,0
Image_479_resized.txt,Image_479_resized.jpg,paper_order,1,11,16,0,0,94,0
Image_47_resized.txt,Image_47_resized.jpg,paper_order,1,20,0,3,2,13,0
Image_480_resized.txt,Image_480_resized.jpg,paper_order,1,12,4,0,0,59,0
Image_481_resized.txt,Image_481_resized.jpg,paper_order,1,8,7,4,1,3,0
Image_482_resized.txt,Image_482_resized.jpg,paper_order,1,8,2,0,0,57,0
Image_483_resized.txt,Image_483_resized.jpg,paper_order,1,2,12,0,1,10,0
Image_484_resized.txt,Image_484_resized.jpg,paper_order,1,4,0,0,0,78,0
Image_485_resized.txt,Image_485_resized.jpg,paper_order,1,5,12,0,0,10,0
Image_486_resized.txt,Image_486_resized.jpg,paper_order,1,2,0,0,0,70,0
Image_487_resized.txt,Image_487_resized.jpg,paper_order,1,14,8,0,0,6,0
Image_488_resized.txt,Image_488_resized.jpg,paper_order,1,3,0,0,0,39,0
Image_489_resized.txt,Image_489_resized.jpg,paper_order,1,8,10,0,0,9,0
Image_48_resized.txt,Image_48_resized.jpg,paper_order,1,6,0,1,2,17,0
Image_490_resized.txt,Image_490_resized.jpg,paper_order,1,0,17,0,0,69,0
Image_491_resized.txt,Image_491_resized.jpg,paper_order,1,3,8,0,0,2,0
Image_492_resized.txt,Image_492_resized.jpg,paper_order,1,0,1,2,0,81,0
Image_493_resized.txt,Image_493_resized.jpg,paper_order,1,12,11,0,0,7,0
Image_494_resized.txt,Image_494_resized.jpg,paper_order,1,0,0,15,0,120,0
Image_495_resized.txt,Image_495_resized.jpg,paper_order,1,14,13,3,0,7,0
Image_496_resized.txt,Image_496_resized.jpg,paper_order,1,3,3,0,0,45,0
Image_497_resized.txt,Image_497_resized.jpg,paper_order,1,7,6,1,0,11,0
Image_498_resized.txt,Image_498_resized.jpg,paper_order,1,11,13,2,0,78,0
Image_499_resized.txt,Image_499_resized.jpg,paper_order,1,10,21,0,0,0,0
Image_49_resized.txt,Image_49_resized.jpg,paper_order,1,9,0,3,1,15,0
Image_4_resized.txt,Image_4_resized.jpg,paper_order,1,5,0,47,7,28,0
Image_500_resized.txt,Image_500_resized.jpg,paper_order,1,18,10,0,0,129,0
Image_501_resized.txt,Image_501_resized.jpg,paper_order,1,139,32,25,0,91,0
Image_502_resized.txt,Image_502_resized.jpg,paper_order,1,48,25,9,0,2,0
Image_503_resized.txt,Image_503_resized.jpg,paper_order,1,14,30,0,0,58,0
Image_504_resized.txt,Image_504_resized.jpg,paper_order,1,14,20,7,0,5,0
Image_505_resized.txt,Image_505_resized.jpg,paper_order,1,17,66,3,0,34,0
Image_506_resized.txt,Image_506_resized.jpg,paper_order,1,3,15,2,0,5,0
Image_507_resized.txt,Image_507_resized.jpg,paper_order,1,23,40,0,0,48,0
Image_508_resized.txt,Image_508_resized.jpg,paper_order,1,19,16,5,0,11,0
Image_509_resized.txt,Image_509_resized.jpg,paper_order,1,16,39,0,0,53,0
Image_50_resized.txt,Image_50_resized.jpg,paper_order,1,35,3,0,0,16,0
Image_510_resized.txt,Image_510_resized.jpg,paper_order,1,13,10,3,0,0,0
Image_511_resized.txt,Image_511_resized.jpg,paper_order,1,5,0,1,2,14,0
Image_512_resized.txt,Image_512_resized.jpg,paper_order,1,1,0,5,2,3,0
Image_513_resized.txt,Image_513_resized.jpg,paper_order,1,6,0,3,20,30,0
Image_514_resized.txt,Image_514_resized.jpg,paper_order,1,15,0,6,7,1,0
Image_515_resized.txt,Image_515_resized.jpg,paper_order,1,7,0,1,7,25,0
Image_516_resized.txt,Image_516_resized.jpg,paper_order,1,8,0,0,12,5,0
Image_517_resized.txt,Image_517_resized.jpg,paper_order,1,12,0,0,6,8,0
Image_518_resized.txt,Image_518_resized.jpg,paper_order,1,10,0,3,26,25,0
Image_519_resized.txt,Image_519_resized.jpg,paper_order,1,45,1,0,32,30,0
Image_51_resized.txt,Image_51_resized.jpg,paper_order,1,16,1,0,0,7,0
Image_520_resized.txt,Image_520_resized.jpg,paper_order,1,24,0,0,20,65,0
Image_521_resized.txt,Image_521_resized.jpg,paper_order,1,53,0,0,31,25,0
Image_522_resized.txt,Image_522_resized.jpg,paper_order,1,20,0,0,28,45,0
Image_523_resized.txt,Image_523_resized.jpg,paper_order,1,27,0,0,18,23,0
Image_524_resized.txt,Image_524_resized.jpg,paper_order,1,19,0,0,21,30,0
Image_525_resized.txt,Image_525_resized.jpg,paper_order,1,17,0,0,8,27,0
Image_526_resized.txt,Image_526_resized.jpg,paper_order,1,24,0,7,3,5,0
Image_527_resized.txt,Image_527_resized.jpg,paper_order,1,46,0,0,34,15,0
Image_528_resized.txt,Image_528_resized.jpg,paper_order,1,5,0,0,15,13,0
Image_529_resized.txt,Image_529_resized.jpg,paper_order,1,55,0,0,30,17,0
Image_52_resized.txt,Image_52_resized.jpg,paper_order,1,20,2,1,0,9,0
Image_530_resized.txt,Image_530_resized.jpg,paper_order,1,48,0,5,16,6,0
Image_531_resized.txt,Image_531_resized.jpg,paper_order,1,86,0,8,38,16,0
Image_532_resized.txt,Image_532_resized.jpg,paper_order,1,41,0,8,11,7,0
Image_533_resized.txt,Image_533_resized.jpg,paper_order,1,30,0,2,23,14,0
Image_534_resized.txt,Image_534_resized.jpg,paper_order,1,36,1,17,18,2,0
Image_535_resized.txt,Image_535_resized.jpg,paper_order,1,36,0,0,19,8,0
Image_536_resized.txt,Image_536_resized.jpg,paper_order,1,17,0,3,11,10,0
Image_537_resized.txt,Image_537_resized.jpg,paper_order,1,39,0,7,26,5,0
Image_538_resized.txt,Image_538_resized.jpg,paper_order,1,3,0,0,3,3,0
Image_539_resized.txt,Image_539_resized.jpg,paper_order,1,48,41,0,0,9,0
Image_53_resized.txt,Image_53_resized.jpg,paper_order,1,44,1,2,0,82,0
Image_540_resized.txt,Image_540_resized.jpg,paper_order,1,41,34,0,0,15,0
Image_541_resized.txt,Image_541_resized.jpg,paper_order,1,10,0,0,0,2,0
Image_542_resized.txt,Image_542_resized.jpg,paper_order,1,53,0,2,8,13,0
Image_543_resized.txt,Image_543_resized.jpg,paper_order,1,3,0,0,2,1,0
Image_544_resized.txt,Image_544_resized.jpg,paper_order,1,104,0,19,41,18,0
Image_545_resized.txt,Image_545_resized.jpg,paper_order,1,62,0,0,16,1,0
Image_546_resized.txt,Image_546_resized.jpg,paper_order,1,34,0,0,25,4,0
Image_547_resized.txt,Image_547_resized.jpg,paper_order,1,49,0,0,56,5,0
Image_548_resized.txt,Image_548_resized.jpg,paper_order,1,26,0,1,7,5,0
Image_549_resized.txt,Image_549_resized.jpg,paper_order,1,36,0,0,18,4,0
Image_54_resized.txt,Image_54_resized.jpg,paper_order,1,38,0,1,0,77,0
Image_550_resized.txt,Image_550_resized.jpg,paper_order,1,79,0,1,16,3,0
Image_551_resized.txt,Image_551_resized.jpg,paper_order,1,20,0,0,23,0,0
Image_552_resized.txt,Image_552_resized.jpg,paper_order,1,0,1,0,13,4,0
Image_553_resized.txt,Image_553_resized.jpg,paper_order,1,15,0,0,15,1,0
Image_554_resized.txt,Image_554_resized.jpg,paper_order,1,50,0,2,34,9,0
Image_555_resized.txt,Image_555_resized.jpg,paper_order,1,6,0,0,11,2,0
Image_556_resized.txt,Image_556_resized.jpg,paper_order,1,37,0,0,34,2,0
Image_557_resized.txt,Image_557_resized.jpg,paper_order,1,27,0,0,20,2,0
Image_558_resized.txt,Image_558_resized.jpg,paper_order,1,53,0,0,20,11,0
Image_559_resized.txt,Image_559_resized.jpg,paper_order,1,15,0,0,4,0,0
Image_55_resized.txt,Image_55_resized.jpg,paper_order,1,28,0,1,0,48,0
Image_560_resized.txt,Image_560_resized.jpg,paper_order,1,71,0,0,27,13,0
Image_561_resized.txt,Image_561_resized.jpg,paper_order,1,22,0,1,16,0,0
Image_562_resized.txt,Image_562_resized.jpg,paper_order,1,74,0,0,63,12,0
Image_563_resized.txt,Image_563_resized.jpg,paper_order,1,44,0,0,4,0,0
Image_564_resized.txt,Image_564_resized.jpg,paper_order,1,51,0,0,24,5,0
Image_565_resized.txt,Image_565_resized.jpg,paper_order,1,47,0,0,5,1,0
Image_566_resized.txt,Image_566_resized.jpg,paper_order,1,47,0,1,21,3,0
Image_567_resized.txt,Image_567_resized.jpg,paper_order,1,3,0,1,16,2,0
Image_568_resized.txt,Image_568_resized.jpg,paper_order,1,74,0,0,31,12,0
Image_569_resized.txt,Image_569_resized.jpg,paper_order,1,0,0,1,23,0,0
Image_56_resized.txt,Image_56_resized.jpg,paper_order,1,16,0,1,0,44,0
Image_570_resized.txt,Image_570_resized.jpg,paper_order,1,128,1,3,47,5,0
Image_571_resized.txt,Image_571_resized.jpg,paper_order,1,0,0,4,13,1,0
Image_572_resized.txt,Image_572_resized.jpg,paper_order,1,67,0,0,22,6,0
Image_573_resized.txt,Image_573_resized.jpg,paper_order,1,6,0,15,25,1,0
Image_574_resized.txt,Image_574_resized.jpg,paper_order,1,44,0,0,13,5,0
Image_575_resized.txt,Image_575_resized.jpg,paper_order,1,15,0,11,28,6,0
Image_576_resized.txt,Image_576_resized.jpg,paper_order,1,22,0,0,9,5,0
Image_577_resized.txt,Image_577_resized.jpg,paper_order,1,1,0,12,28,1,0
Image_578_resized.txt,Image_578_resized.jpg,paper_order,1,53,1,4,31,7,0
Image_579_resized.txt,Image_579_resized.jpg,paper_order,1,1,0,1,10,1,0
Image_57_resized.txt,Image_57_resized.jpg,paper_order,1,5,0,0,1,15,0
Image_580_resized.txt,Image_580_resized.jpg,paper_order,1,11,0,2,16,14,0
Image_581_resized.txt,Image_581_resized.jpg,paper_order,1,27,0,50,12,3,0
Image_582_resized.txt,Image_582_resized.jpg,paper_order,1,30,0,1,26,14,0
Image_583_resized.txt,Image_583_resized.jpg,paper_order,1,48,0,52,29,8,0
Image_584_resized.txt,Image_584_resized.jpg,paper_order,1,26,0,9,9,9,0
Image_585_resized.txt,Image_585_resized.jpg,paper_order,1,34,0,23,1,10,0
Image_586_resized.txt,Image_586_resized.jpg,paper_order,1,20,0,10,3,41,0
Image_587_resized.txt,Image_587_resized.jpg,paper_order,1,33,0,17,10,1,0
Image_588_resized.txt,Image_588_resized.jpg,paper_order,1,17,0,5,9,44,0
Image_589_resized.txt,Image_589_resized.jpg,paper_order,1,26,0,34,11,3,0
Image_58_resized.txt,Image_58_resized.jpg,paper_order,1,1,0,0,0,26,0
Image_590_resized.txt,Image_590_resized.jpg,paper_order,1,9,0,15,5,0,0
Image_591_resized.txt,Image_591_resized.jpg,paper_order,1,16,0,2,16,5,0
Image_592_resized.txt,Image_592_resized.jpg,paper_order,1,18,1,27,26,0,0
Image_593_resized.txt,Image_593_resized.jpg,paper_order,1,10,0,16,7,10,0
Image_594_resized.txt,Image_594_resized.jpg,paper_order,1,18,0,61,42,6,0
Image_595_resized.txt,Image_595_resized.jpg,paper_order,1,16,0,4,0,9,0
Image_596_resized.txt,Image_596_resized.jpg,paper_order,1,14,0,23,2,1,0
Image_597_resized.txt,Image_597_resized.jpg,paper_order,1,10,0,18,0,2,0
Image_598_resized.txt,Image_598_resized.jpg,paper_order,1,29,0,16,0,2,0
Image_599_resized.txt,Image_599_resized.jpg,paper_order,1,15,0,1,3,9,0
Image_59_resized.txt,Image_59_resized.jpg,paper_order,1,5,0,2,0,30,0
Image_5_resized.txt,Image_5_resized.jpg,paper_order,1,10,0,59,14,16,0
Image_600_resized.txt,Image_600_resized.jpg,paper_order,1,10,0,9,0,1,0
Image_601_resized.txt,Image_601_resized.jpg,paper_order,1,12,0,5,0,3,0
Image_602_resized.txt,Image_602_resized.jpg,paper_order,1,16,0,17,9,1,0
Image_603_resized.txt,Image_603_resized.jpg,paper_order,1,13,0,5,1,6,0
Image_604_resized.txt,Image_604_resized.jpg,paper_order,1,21,0,15,10,3,0
Image_605_resized.txt,Image_605_resized.jpg,paper_order,1,5,0,6,8,3,0
Image_606_resized.txt,Image_606_resized.jpg,paper_order,1,7,0,10,3,0,0
Image_607_resized.txt,Image_607_resized.jpg,paper_order,1,4,0,12,0,16,0
Image_608_resized.txt,Image_608_resized.jpg,paper_order,1,16,0,18,3,0,0
Image_609_resized.txt,Image_609_resized.jpg,paper_order,1,6,0,0,1,1,0
Image_60_resized.txt,Image_60_resized.jpg,paper_order,1,2,0,0,0,26,0
Image_610_resized.txt,Image_610_resized.jpg,paper_order,1,15,0,31,0,5,0
Image_611_resized.txt,Image_611_resized.jpg,paper_order,1,15,0,23,5,4,0
Image_612_resized.txt,Image_612_resized.jpg,paper_order,1,11,0,15,2,12,0
Image_613_resized.txt,Image_613_resized.jpg,paper_order,1,18,0,2,5,1,0
Image_614_resized.txt,Image_614_resized.jpg,paper_order,1,7,0,0,7,2,0
Image_615_resized.txt,Image_615_resized.jpg,paper_order,1,1,0,0,18,6,0
Image_616_resized.txt,Image_616_resized.jpg,paper_order,1,7,0,0,17,10,0
Image_617_resized.txt,Image_617_resized.jpg,paper_order,1,14,0,0,16,1,0
Image_618_resized.txt,Image_618_resized.jpg,paper_order,1,16,0,0,13,6,0
Image_619_resized.txt,Image_619_resized.jpg,paper_order,1,10,0,0,11,3,0
Image_61_resized.txt,Image_61_resized.jpg,paper_order,1,4,0,1,0,31,0
Image_620_resized.txt,Image_620_resized.jpg,paper_order,1,10,0,0,1,4,0
Image_621_resized.txt,Image_621_resized.jpg,paper_order,1,12,0,1,17,3,0
Image_622_resized.txt,Image_622_resized.jpg,paper_order,1,8,0,1,0,10,0
Image_623_resized.txt,Image_623_resized.jpg,paper_order,1,4,0,0,7,2,0
Image_624_resized.txt,Image_624_resized.jpg,paper_order,1,12,0,1,4,1,0
Image_625_resized.txt,Image_625_resized.jpg,paper_order,1,54,0,5,18,3,0
Image_626_resized.txt,Image_626_resized.jpg,paper_order,1,10,0,0,9,3,0
Image_627_resized.txt,Image_627_resized.jpg,paper_order,1,9,0,0,6,0,0
Image_628_resized.txt,Image_628_resized.jpg,paper_order,1,0,0,1,1,0,0
Image_629_resized.txt,Image_629_resized.jpg,paper_order,1,11,0,2,3,5,0
Image_62_resized.txt,Image_62_resized.jpg,paper_order,1,3,0,1,0,30,0
Image_630_resized.txt,Image_630_resized.jpg,paper_order,1,0,0,2,1,0,0
Image_631_resized.txt,Image_631_resized.jpg,paper_order,1,5,0,0,4,0,0
Image_632_resized.txt,Image_632_resized.jpg,paper_order,1,2,0,3,5,0,0
Image_633_resized.txt,Image_633_resized.jpg,paper_order,1,12,0,4,10,3,0
Image_634_resized.txt,Image_634_resized.jpg,paper_order,1,131,1,7,3,3,0
Image_635_resized.txt,Image_635_resized.jpg,paper_order,1,8,0,2,0,1,0
Image_636_resized.txt,Image_636_resized.jpg,paper_order,1,5,0,6,4,1,0
Image_637_resized.txt,Image_637_resized.jpg,paper_order,1,5,0,2,2,2,0
Image_638_resized.txt,Image_638_resized.jpg,paper_order,1,8,0,7,0,0,0
Image_639_resized.txt,Image_639_resized.jpg,paper_order,1,11,0,3,3,0,0
Image_63_resized.txt,Image_63_resized.jpg,paper_order,1,15,1,1,0,12,0
Image_640_resized.txt,Image_640_resized.jpg,paper_order,1,14,0,8,1,0,0
Image_641_resized.txt,Image_641_resized.jpg,paper_order,1,1,0,2,0,0,0
Image_642_resized.txt,Image_642_resized.jpg,paper_order,1,58,0,16,6,5,0
Image_643_resized.txt,Image_643_resized.jpg,paper_order,1,29,0,9,8,5,0
Image_644_resized.txt,Image_644_resized.jpg,paper_order,1,41,0,5,4,2,0
Image_645_resized.txt,Image_645_resized.jpg,paper_order,1,23,0,4,6,0,0
Image_646_resized.txt,Image_646_resized.jpg,paper_order,1,5,0,14,10,8,0
Image_647_resized.txt,Image_647_resized.jpg,paper_order,1,19,0,2,6,5,0
Image_648_resized.txt,Image_648_resized.jpg,paper_order,1,13,0,2,3,10,0
Image_649_resized.txt,Image_649_resized.jpg,paper_order,1,4,0,1,6,3,0
Image_64_resized.txt,Image_64_resized.jpg,paper_order,1,16,0,1,0,17,0
Image_650_resized.txt,Image_650_resized.jpg,paper_order,1,12,0,0,2,3,0
Image_651_resized.txt,Image_651_resized.jpg,paper_order,1,11,0,2,1,3,0
Image_652_resized.txt,Image_652_resized.jpg,paper_order,1,7,0,2,1,4,0
Image_653_resized.txt,Image_653_resized.jpg,paper_order,1,7,0,0,3,3,0
Image_654_resized.txt,Image_654_resized.jpg,paper_order,1,11,0,0,4,3,0
Image_655_resized.txt,Image_655_resized.jpg,paper_order,1,7,0,8,1,1,0
Image_656_resized.txt,Image_656_resized.jpg,paper_order,1,25,0,9,2,2,0
Image_657_resized.txt,Image_657_resized.jpg,paper_order,1,2,0,0,7,2,0
Image_658_resized.txt,Image_658_resized.jpg,paper_order,1,10,0,0,4,2,0
Image_659_resized.txt,Image_659_resized.jpg,paper_order,1,8,0,5,4,13,0
Image_65_resized.txt,Image_65_resized.jpg,paper_order,1,15,2,2,0,27,0
Image_660_resized.txt,Image_660_resized.jpg,paper_order,1,10,0,5,18,0,0
Image_661_resized.txt,Image_661_resized.jpg,paper_order,1,7,0,0,7,0,0
Image_662_resized.txt,Image_662_resized.jpg,paper_order,1,0,0,7,3,3,0
Image_663_resized.txt,Image_663_resized.jpg,paper_order,1,0,0,4,8,10,0
Image_664_resized.txt,Image_664_resized.jpg,paper_order,1,16,0,0,11,1,0
Image_665_resized.txt,Image_665_resized.jpg,paper_order,1,14,0,4,12,0,0
Image_666_resized.txt,Image_666_resized.jpg,paper_order,1,14,0,5,26,0,0
Image_667_resized.txt,Image_667_resized.jpg,paper_order,1,21,0,3,34,2,0
Image_668_resized.txt,Image_668_resized.jpg,paper_order,1,9,0,1,14,4,0
Image_669_resized.txt,Image_669_resized.jpg,paper_order,1,12,0,1,0,5,0
Image_66_resized.txt,Image_66_resized.jpg,paper_order,1,8,0,2,0,27,0
Image_670_resized.txt,Image_670_resized.jpg,paper_order,1,6,0,2,1,2,0
Image_671_resized.txt,Image_671_resized.jpg,paper_order,1,27,0,5,1,0,0
Image_672_resized.txt,Image_672_resized.jpg,paper_order,1,0,0,3,6,3,0
Image_673_resized.txt,Image_673_resized.jpg,paper_order,1,1,0,6,3,6,0
Image_674_resized.txt,Image_674_resized.jpg,paper_order,1,2,0,6,9,11,0
Image_675_resized.txt,Image_675_resized.jpg,paper_order,1,6,0,5,10,4,0
Image_676_resized.txt,Image_676_resized.jpg,paper_order,1,18,0,5,20,0,0
Image_677_resized.txt,Image_677_resized.jpg,paper_order,1,11,0,2,20,6,0
Image_678_resized.txt,Image_678_resized.jpg,paper_order,1,6,0,0,5,3,0
Image_679_resized.txt,Image_679_resized.jpg,paper_order,1,10,0,3,5,0,0
Image_67_resized.txt,Image_67_resized.jpg,paper_order,1,6,0,1,0,49,0
Image_680_resized.txt,Image_680_resized.jpg,paper_order,1,9,0,14,5,0,0
Image_681_resized.txt,Image_681_resized.jpg,paper_order,1,6,0,2,3,1,0
Image_682_resized.txt,Image_682_resized.jpg,paper_order,1,11,0,3,1,0,0
Image_683_resized.txt,Image_683_resized.jpg,paper_order,1,6,0,13,0,1,0
Image_684_resized.txt,Image_684_resized.jpg,paper_order,1,4,0,14,0,1,0
Image_685_resized.txt,Image_685_resized.jpg,paper_order,1,0,0,7,0,0,0
Image_686_resized.txt,Image_686_resized.jpg,paper_order,1,15,0,3,0,0,0
Image_687_resized.txt,Image_687_resized.jpg,paper_order,1,4,0,5,1,0,0
Image_688_resized.txt,Image_688_resized.jpg,paper_order,1,2,0,3,0,0,0
Image_689_resized.txt,Image_689_resized.jpg,paper_order,1,5,0,9,0,1,0
Image_68_resized.txt,Image_68_resized.jpg,paper_order,1,3,0,1,0,51,0
Image_690_resized.txt,Image_690_resized.jpg,paper_order,1,17,0,19,0,2,0
Image_691_resized.txt,Image_691_resized.jpg,paper_order,1,11,0,16,0,0,0
Image_692_resized.txt,Image_692_resized.jpg,paper_order,1,6,0,4,0,0,0
Image_693_resized.txt,Image_693_resized.jpg,paper_order,1,10,0,4,0,0,0
Image_694_resized.txt,Image_694_resized.jpg,paper_order,1,12,0,11,8,3,0
Image_695_resized.txt,Image_695_resized.jpg,paper_order,1,10,0,17,0,0,0
Image_696_resized.txt,Image_696_resized.jpg,paper_order,1,4,0,0,2,14,0
Image_697_resized.txt,Image_697_resized.jpg,paper_order,1,16,0,0,9,2,0
Image_698_resized.txt,Image_698_resized.jpg,paper_order,1,5,0,0,5,3,0
Image_699_resized.txt,Image_699_resized.jpg,paper_order,1,5,0,0,13,11,0
Image_69_resized.txt,Image_69_resized.jpg,paper_order,1,2,0,2,0,56,0
Image_6_resized.txt,Image_6_resized.jpg,paper_order,1,4,0,18,8,11,0
Image_700_resized.txt,Image_700_resized.jpg,paper_order,1,1,0,2,1,9,0
Image_701_resized.txt,Image_701_resized.jpg,paper_order,1,11,0,0,19,3,0
Image_702_resized.txt,Image_702_resized.jpg,paper_order,1,0,0,7,2,9,0
Image_703_resized.txt,Image_703_resized.jpg,paper_order,1,1,0,0,0,7,0
Image_704_resized.txt,Image_704_resized.jpg,paper_order,1,7,0,0,4,14,0
Image_705_resized.txt,Image_705_resized.jpg,paper_order,1,1,0,0,1,6,0
Image_706_resized.txt,Image_706_resized.jpg,paper_order,1,0,0,0,0,13,0
Image_707_resized.txt,Image_707_resized.jpg,paper_order,1,0,0,0,0,5,0
Image_708_resized.txt,Image_708_resized.jpg,paper_order,1,0,0,0,0,6,0
Image_709_resized.txt,Image_709_resized.jpg,paper_order,1,0,0,0,0,3,0
Image_70_resized.txt,Image_70_resized.jpg,paper_order,1,7,0,0,0,4,0
Image_710_resized.txt,Image_710_resized.jpg,paper_order,1,0,0,0,0,2,0
Image_711_resized.txt,Image_711_resized.jpg,paper_order,1,22,0,0,1,27,0
Image_712_resized.txt,Image_712_resized.jpg,paper_order,1,11,0,0,0,7,0
Image_713_resized.txt,Image_713_resized.jpg,paper_order,1,27,0,0,17,4,0
Image_714_resized.txt,Image_714_resized.jpg,paper_order,1,0,0,0,1,8,0
Image_715_resized.txt,Image_715_resized.jpg,paper_order,1,9,0,0,1,1,0
Image_716_resized.txt,Image_716_resized.jpg,paper_order,1,9,0,26,9,2,0
Image_717_resized.txt,Image_717_resized.jpg,paper_order,1,10,0,35,6,3,0
Image_718_resized.txt,Image_718_resized.jpg,paper_order,1,9,0,17,7,3,0
Image_719_resized.txt,Image_719_resized.jpg,paper_order,1,5,1,30,5,4,0
Image_71_resized.txt,Image_71_resized.jpg,paper_order,1,4,0,0,0,5,0
Image_720_resized.txt,Image_720_resized.jpg,paper_order,1,8,0,14,2,6,0
Image_721_resized.txt,Image_721_resized.jpg,paper_order,1,15,0,1,13,3,0
Image_722_resized.txt,Image_722_resized.jpg,paper_order,1,10,0,2,11,0,0
Image_723_resized.txt,Image_723_resized.jpg,paper_order,1,18,0,4,13,3,0
Image_724_resized.txt,Image_724_resized.jpg,paper_order,1,4,0,14,4,8,0
Image_725_resized.txt,Image_725_resized.jpg,paper_order,1,6,0,2,5,0,0
Image_726_resized.txt,Image_726_resized.jpg,paper_order,1,17,0,20,15,0,0
Image_727_resized.txt,Image_727_resized.jpg,paper_order,1,17,0,3,9,0,0
Image_728_resized.txt,Image_728_resized.jpg,paper_order,1,6,0,7,0,0,0
Image_729_resized.txt,Image_729_resized.jpg,paper_order,1,7,0,10,3,0,0
Image_72_resized.txt,Image_72_resized.jpg,paper_order,1,1,0,0,0,35,0
Image_730_resized.txt,Image_730_resized.jpg,paper_order,1,9,0,7,10,0,0
Image_731_resized.txt,Image_731_resized.jpg,paper_order,1,5,0,1,3,1,0
Image_732_resized.txt,Image_732_resized.jpg,paper_order,1,7,0,2,5,3,0
Image_733_resized.txt,Image_733_resized.jpg,paper_order,1,4,0,0,3,6,0
Image_734_resized.txt,Image_734_resized.jpg,paper_order,1,1,0,4,2,10,0
Image_735_resized.txt,Image_735_resized.jpg,paper_order,1,4,0,5,5,1,0
Image_736_resized.txt,Image_736_resized.jpg,paper_order,1,0,0,2,0,4,0
Image_737_resized.txt,Image_737_resized.jpg,paper_order,1,0,0,4,0,0,0
Image_738_resized.txt,Image_738_resized.jpg,paper_order,1,0,0,4,5,4,0
Image_739_resized.txt,Image_739_resized.jpg,paper_order,1,0,0,1,0,4,0
Image_73_resized.txt,Image_73_resized.jpg,paper_order,1,10,0,20,1,2,0
Image_740_resized.txt,Image_740_resized.jpg,paper_order,1,0,0,0,0,10,0
Image_741_resized.txt,Image_741_resized.jpg,paper_order,1,0,0,6,1,3,0
Image_742_resized.txt,Image_742_resized.jpg,paper_order,1,0,0,3,0,0,0
Image_743_resized.txt,Image_743_resized.jpg,paper_order,1,5,0,1,0,7,0
Image_744_resized.txt,Image_744_resized.jpg,paper_order,1,3,0,1,0,10,0
Image_745_resized.txt,Image_745_resized.jpg,paper_order,1,3,0,4,1,22,0
Image_746_resized.txt,Image_746_resized.jpg,paper_order,1,0,0,5,7,28,0
Image_747_resized.txt,Image_747_resized.jpg,paper_order,1,0,0,4,20,16,0
Image_748_resized.txt,Image_748_resized.jpg,paper_order,1,3,0,14,14,0,0
Image_749_resized.txt,Image_749_resized.jpg,paper_order,1,7,0,10,6,4,0
Image_74_resized.txt,Image_74_resized.jpg,paper_order,1,4,0,22,2,5,0
Image_750_resized.txt,Image_750_resized.jpg,paper_order,1,8,0,3,1,15,0
Image_751_resized.txt,Image_751_resized.jpg,paper_order,1,6,0,12,0,10,0
Image_752_resized.txt,Image_752_resized.jpg,paper_order,1,0,0,9,3,9,0
Image_753_resized.txt,Image_753_resized.jpg,paper_order,1,5,0,4,10,4,0
Image_754_resized.txt,Image_754_resized.jpg,paper_order,1,6,0,4,11,5,0
Image_755_resized.txt,Image_755_resized.jpg,paper_order,1,0,0,1,3,5,0
Image_756_resized.txt,Image_756_resized.jpg,paper_order,1,10,0,8,13,4,0
Image_757_resized.txt,Image_757_resized.jpg,paper_order,1,4,0,10,6,8,0
Image_758_resized.txt,Image_758_resized.jpg,paper_order,1,7,0,9,6,6,0
Image_759_resized.txt,Image_759_resized.jpg,paper_order,1,4,0,35,7,5,0
Image_75_resized.txt,Image_75_resized.jpg,paper_order,1,8,0,10,0,4,0
Image_760_resized.txt,Image_760_resized.jpg,paper_order,1,7,0,9,4,3,0
Image_761_resized.txt,Image_761_resized.jpg,paper_order,1,1,0,6,1,5,0
Image_762_resized.txt,Image_762_resized.jpg,paper_order,1,0,0,9,0,7,0
Image_763_resized.txt,Image_763_resized.jpg,paper_order,1,14,0,35,25,48,0
Image_764_resized.txt,Image_764_resized.jpg,paper_order,1,2,0,13,15,9,0
Image_765_resized.txt,Image_765_resized.jpg,paper_order,1,10,0,21,24,15,0
Image_766_resized.txt,Image_766_resized.jpg,paper_order,1,12,0,23,15,29,0
Image_767_resized.txt,Image_767_resized.jpg,paper_order,1,20,0,17,17,3,0
Image_768_resized.txt,Image_768_resized.jpg,paper_order,1,10,0,17,7,10,0
Image_769_resized.txt,Image_769_resized.jpg,paper_order,1,5,0,11,7,8,0
Image_76_resized.txt,Image_76_resized.jpg,paper_order,1,4,0,37,5,2,0
Image_770_resized.txt,Image_770_resized.jpg,paper_order,1,17,0,1,4,5,0
Image_771_resized.txt,Image_771_resized.jpg,paper_order,1,15,0,26,9,38,0
Image_772_resized.txt,Image_772_resized.jpg,paper_order,1,25,0,7,14,15,0
Image_773_resized.txt,Image_773_resized.jpg,paper_order,1,7,0,0,13,6,0
Image_774_resized.txt,Image_774_resized.jpg,paper_order,1,1,0,2,5,23,0
Image_775_resized.txt,Image_775_resized.jpg,paper_order,1,0,0,3,2,26,0
Image_776_resized.txt,Image_776_resized.jpg,paper_order,1,0,0,8,2,22,0
Image_777_resized.txt,Image_777_resized.jpg,paper_order,1,8,0,8,3,9,0
Image_778_resized.txt,Image_778_resized.jpg,paper_order,1,15,0,7,10,21,0
Image_779_resized.txt,Image_779_resized.jpg,paper_order,1,18,0,7,7,9,0
Image_77_resized.txt,Image_77_resized.jpg,paper_order,1,1,0,23,0,8,0
Image_780_resized.txt,Image_780_resized.jpg,paper_order,1,8,0,9,8,16,0
Image_781_resized.txt,Image_781_resized.jpg,paper_order,1,14,0,9,18,10,0
Image_782_resized.txt,Image_782_resized.jpg,paper_order,1,4,0,5,2,9,0
Image_783_resized.txt,Image_783_resized.jpg,paper_order,1,14,0,15,13,11,0
Image_784_resized.txt,Image_784_resized.jpg,paper_order,1,15,0,5,5,5,0
Image_785_resized.txt,Image_785_resized.jpg,paper_order,1,14,0,5,3,5,0
Image_786_resized.txt,Image_786_resized.jpg,paper_order,1,2,0,3,9,2,0
Image_787_resized.txt,Image_787_resized.jpg,paper_order,1,0,0,1,5,1,0
Image_788_resized.txt,Image_788_resized.jpg,paper_order,1,8,0,0,2,5,0
Image_789_resized.txt,Image_789_resized.jpg,paper_order,1,0,0,1,0,9,0
Image_78_resized.txt,Image_78_resized.jpg,paper_order,1,0,0,17,2,5,0
Image_790_resized.txt,Image_790_resized.jpg,paper_order,1,0,0,0,0,5,0
Image_791_resized.txt,Image_791_resized.jpg,paper_order,1,0,0,4,1,2,0
Image_792_resized.txt,Image_792_resized.jpg,paper_order,1,6,0,4,1,19,0
Image_793_resized.txt,Image_793_resized.jpg,paper_order,1,14,0,0,8,12,0
Image_794_resized.txt,Image_794_resized.jpg,paper_order,1,3,0,0,0,11,0
Image_795_resized.txt,Image_795_resized.jpg,paper_order,1,5,0,1,0,13,0
Image_796_resized.txt,Image_796_resized.jpg,paper_order,1,0,0,1,2,11,0
Image_797_resized.txt,Image_797_resized.jpg,paper_order,1,12,0,0,0,16,0
Image_798_resized.txt,Image_798_resized.jpg,paper_order,1,8,0,0,0,14,0
Image_799_resized.txt,Image_799_resized.jpg,paper_order,1,10,0,0,3,13,0
Image_79_resized.txt,Image_79_resized.jpg,paper_order,1,0,0,17,3,6,0
Image_7_resized.txt,Image_7_resized.jpg,paper_order,1,1,0,35,10,9,0
Image_800_resized.txt,Image_800_resized.jpg,paper_order,1,2,0,0,1,12,0
Image_801_resized.txt,Image_801_resized.jpg,paper_order,1,10,0,0,1,23,0
Image_802_resized.txt,Image_802_resized.jpg,paper_order,1,2,0,0,0,2,0
Image_803_resized.txt,Image_803_resized.jpg,paper_order,1,0,0,0,2,11,0
Image_804_resized.txt,Image_804_resized.jpg,paper_order,1,3,0,2,4,14,0
Image_805_resized.txt,Image_805_resized.jpg,paper_order,1,6,0,7,0,21,0
Image_806_resized.txt,Image_806_resized.jpg,paper_order,1,22,0,15,2,8,0
Image_807_resized.txt,Image_807_resized.jpg,paper_order,1,5,0,21,0,12,0
Image_808_resized.txt,Image_808_resized.jpg,paper_order,1,0,0,14,1,29,0
Image_809_resized.txt,Image_809_resized.jpg,paper_order,1,3,2,24,0,13,0
Image_80_resized.txt,Image_80_resized.jpg,paper_order,1,9,0,0,0,6,0
Image_810_resized.txt,Image_810_resized.jpg,paper_order,1,0,1,2,0,13,0
Image_811_resized.txt,Image_811_resized.jpg,paper_order,1,7,1,20,0,21,0
Image_812_resized.txt,Image_812_resized.jpg,paper_order,1,0,2,11,0,14,0
Image_813_resized.txt,Image_813_resized.jpg,paper_order,1,3,1,7,2,11,0
Image_814_resized.txt,Image_814_resized.jpg,paper_order,1,2,3,8,0,32,0
Image_815_resized.txt,Image_815_resized.jpg,paper_order,1,19,1,14,2,20,0
Image_816_resized.txt,Image_816_resized.jpg,paper_order,1,0,3,12,0,38,0
Image_817_resized.txt,Image_817_resized.jpg,paper_order,1,8,0,15,0,37,0
Image_818_resized.txt,Image_818_resized.jpg,paper_order,1,3,2,17,1,33,0
Image_819_resized.txt,Image_819_resized.jpg,paper_order,1,0,0,6,0,11,0
Image_81_resized.txt,Image_81_resized.jpg,paper_order,1,9,0,3,1,14,0
Image_820_resized.txt,Image_820_resized.jpg,paper_order,1,4,0,2,0,21,0
Image_821_resized.txt,Image_821_resized.jpg,paper_order,1,8,0,3,0,30,0
Image_822_resized.txt,Image_822_resized.jpg,paper_order,1,17,0,2,0,23,0
Image_823_resized.txt,Image_823_resized.jpg,paper_order,1,0,0,0,0,2,0
Image_824_resized.txt,Image_824_resized.jpg,paper_order,1,7,0,6,4,19,0
Image_825_resized.txt,Image_825_resized.jpg,paper_order,1,12,0,3,1,18,0
Image_826_resized.txt,Image_826_resized.jpg,paper_order,1,2,0,2,2,10,0
Image_827_resized.txt,Image_827_resized.jpg,paper_order,1,5,0,2,0,9,0
Image_828_resized.txt,Image_828_resized.jpg,paper_order,1,20,0,6,8,10,0
Image_829_resized.txt,Image_829_resized.jpg,paper_order,1,27,0,2,3,9,0
Image_82_resized.txt,Image_82_resized.jpg,paper_order,1,0,0,0,0,2,0
Image_830_resized.txt,Image_830_resized.jpg,paper_order,1,39,0,2,0,12,0
Image_831_resized.txt,Image_831_resized.jpg,paper_order,1,13,0,1,2,17,0
Image_832_resized.txt,Image_832_resized.jpg,paper_order,1,19,0,1,2,7,0
Image_833_resized.txt,Image_833_resized.jpg,paper_order,1,5,0,0,2,4,0
Image_834_resized.txt,Image_834_resized.jpg,paper_order,1,0,0,0,0,2,0
Image_835_resized.txt,Image_835_resized.jpg,paper_order,1,6,0,0,1,3,0
Image_836_resized.txt,Image_836_resized.jpg,paper_order,1,7,0,0,2,3,0
Image_837_resized.txt,Image_837_resized.jpg,paper_order,1,17,0,1,15,11,0
Image_838_resized.txt,Image_838_resized.jpg,paper_order,1,9,0,0,0,8,0
Image_839_resized.txt,Image_839_resized.jpg,paper_order,1,35,0,0,8,26,0
Image_83_resized.txt,Image_83_resized.jpg,paper_order,1,15,0,1,8,1,0
Image_840_resized.txt,Image_840_resized.jpg,paper_order,1,43,0,0,8,38,0
Image_841_resized.txt,Image_841_resized.jpg,paper_order,1,23,1,0,15,6,0
Image_842_resized.txt,Image_842_resized.jpg,paper_order,1,18,0,0,6,11,0
Image_843_resized.txt,Image_843_resized.jpg,paper_order,1,26,0,0,15,11,0
Image_844_resized.txt,Image_844_resized.jpg,paper_order,1,34,0,0,9,15,0
Image_845_resized.txt,Image_845_resized.jpg,paper_order,1,14,0,0,6,5,0
Image_846_resized.txt,Image_846_resized.jpg,paper_order,1,2,0,0,0,2,0
Image_847_resized.txt,Image_847_resized.jpg,paper_order,1,13,0,0,3,4,0
Image_848_resized.txt,Image_848_resized.jpg,paper_order,1,21,0,0,2,9,0
Image_849_resized.txt,Image_849_resized.jpg,paper_order,1,21,0,0,3,18,0
Image_84_resized.txt,Image_84_resized.jpg,paper_order,1,6,0,1,5,0,0
Image_850_resized.txt,Image_850_resized.jpg,paper_order,1,17,0,0,1,13,0
Image_851_resized.txt,Image_851_resized.jpg,paper_order,1,35,0,0,2,13,0
Image_852_resized.txt,Image_852_resized.jpg,paper_order,1,19,0,0,4,3,0
Image_853_resized.txt,Image_853_resized.jpg,paper_order,1,14,0,0,2,8,0
Image_854_resized.txt,Image_854_resized.jpg,paper_order,1,16,0,0,3,1,0
Image_855_resized.txt,Image_855_resized.jpg,paper_order,1,25,0,0,1,12,0
Image_856_resized.txt,Image_856_resized.jpg,paper_order,1,20,0,0,5,0,0
Image_857_resized.txt,Image_857_resized.jpg,paper_order,1,0,0,4,2,24,0
Image_858_resized.txt,Image_858_resized.jpg,paper_order,1,4,0,2,0,20,0
Image_859_resized.txt,Image_859_resized.jpg,paper_order,1,5,0,5,0,18,0
Image_85_resized.txt,Image_85_resized.jpg,paper_order,1,28,0,0,1,4,0
Image_860_resized.txt,Image_860_resized.jpg,paper_order,1,2,0,5,0,6,0
Image_861_resized.txt,Image_861_resized.jpg,paper_order,1,1,0,2,0,7,0
Image_862_resized.txt,Image_862_resized.jpg,paper_order,1,10,0,1,0,17,0
Image_863_resized.txt,Image_863_resized.jpg,paper_order,1,6,0,2,4,30,0
Image_864_resized.txt,Image_864_resized.jpg,paper_order,1,1,0,1,3,16,0
Image_865_resized.txt,Image_865_resized.jpg,paper_order,1,4,0,0,0,22,0
Image_866_resized.txt,Image_866_resized.jpg,paper_order,1,0,0,1,0,23,0
Image_867_resized.txt,Image_867_resized.jpg,paper_order,1,1,0,2,0,15,0
Image_868_resized.txt,Image_868_resized.jpg,paper_order,1,0,0,0,1,6,0
Image_869_resized.txt,Image_869_resized.jpg,paper_order,1,5,0,2,3,12,0
Image_86_resized.txt,Image_86_resized.jpg,paper_order,1,2,1,3,8,13,0
Image_870_resized.txt,Image_870_resized.jpg,paper_order,1,3,0,0,1,10,0
Image_871_resized.txt,Image_871_resized.jpg,paper_order,1,6,0,1,1,15,0
Image_872_resized.txt,Image_872_resized.jpg,paper_order,1,3,0,0,2,4,0
Image_873_resized.txt,Image_873_resized.jpg,paper_order,1,0,0,0,0,4,0
Image_874_resized.txt,Image_874_resized.jpg,paper_order,1,1,0,0,0,1,0
Image_875_resized.txt,Image_875_resized.jpg,paper_order,1,9,0,5,0,5,0
Image_876_resized.txt,Image_876_resized.jpg,paper_order,1,6,0,1,3,11,0
Image_877_resized.txt,Image_877_resized.jpg,paper_order,1,13,0,6,11,26,0
Image_878_resized.txt,Image_878_resized.jpg,paper_order,1,9,0,4,1,12,0
Image_879_resized.txt,Image_879_resized.jpg,paper_order,1,22,0,11,3,28,0
Image_87_resized.txt,Image_87_resized.jpg,paper_order,1,3,0,2,4,12,0
Image_880_resized.txt,Image_880_resized.jpg,paper_order,1,24,0,0,7,7,0
Image_881_resized.txt,Image_881_resized.jpg,paper_order,1,6,0,4,2,10,0
Image_882_resized.txt,Image_882_resized.jpg,paper_order,1,19,0,1,4,14,0
Image_883_resized.txt,Image_883_resized.jpg,paper_order,1,12,0,0,5,10,0
Image_884_resized.txt,Image_884_resized.jpg,paper_order,1,18,0,3,8,40,0
Image_885_resized.txt,Image_885_resized.jpg,paper_order,1,6,0,4,2,10,0
Image_886_resized.txt,Image_886_resized.jpg,paper_order,1,15,0,0,0,19,0
Image_887_resized.txt,Image_887_resized.jpg,paper_order,1,12,0,0,0,8,0
Image_888_resized.txt,Image_888_resized.jpg,paper_order,1,13,0,3,0,6,0
Image_889_resized.txt,Image_889_resized.jpg,paper_order,1,7,0,0,0,23,0
Image_88_resized.txt,Image_88_resized.jpg,paper_order,1,2,0,1,9,4,0
Image_890_resized.txt,Image_890_resized.jpg,paper_order,1,13,0,0,5,6,0
Image_891_resized.txt,Image_891_resized.jpg,paper_order,1,14,0,0,0,8,0
Image_892_resized.txt,Image_892_resized.jpg,paper_order,1,13,0,9,2,45,0
Image_893_resized.txt,Image_893_resized.jpg,paper_order,1,7,0,1,0,7,0
Image_894_resized.txt,Image_894_resized.jpg,paper_order,1,27,0,0,1,27,0
Image_895_resized.txt,Image_895_resized.jpg,paper_order,1,33,0,1,8,32,0
Image_896_resized.txt,Image_896_resized.jpg,paper_order,1,26,0,0,8,14,0
Image_897_resized.txt,Image_897_resized.jpg,paper_order,1,11,0,4,5,6,0
Image_898_resized.txt,Image_898_resized.jpg,paper_order,1,5,0,0,0,4,0
Image_899_resized.txt,Image_899_resized.jpg,paper_order,1,2,0,0,0,1,0
Image_89_resized.txt,Image_89_resized.jpg,paper_order,1,0,0,5,4,2,0
Image_8_resized.txt,Image_8_resized.jpg,paper_order,1,15,0,23,9,14,0
Image_900_resized.txt,Image_900_resized.jpg,paper_order,1,20,0,7,3,6,0
Image_901_resized.txt,Image_901_resized.jpg,paper_order,1,15,0,3,0,13,0
Image_902_resized.txt,Image_902_resized.jpg,paper_order,1,15,0,2,0,20,0
Image_903_resized.txt,Image_903_resized.jpg,paper_order,1,29,0,4,0,24,0
Image_904_resized.txt,Image_904_resized.jpg,paper_order,1,7,0,3,0,10,0
Image_905_resized.txt,Image_905_resized.jpg,paper_order,1,74,0,0,0,13,0
Image_906_resized.txt,Image_906_resized.jpg,paper_order,1,27,0,5,0,6,0
Image_907_resized.txt,Image_907_resized.jpg,paper_order,1,11,0,1,0,2,0
Image_908_resized.txt,Image_908_resized.jpg,paper_order,1,5,0,1,0,2,0
Image_909_resized.txt,Image_909_resized.jpg,paper_order,1,36,0,0,0,1,0
Image_90_resized.txt,Image_90_resized.jpg,paper_order,1,0,0,4,7,3,0
Image_910_resized.txt,Image_910_resized.jpg,paper_order,1,10,0,0,0,6,0
Image_911_resized.txt,Image_911_resized.jpg,paper_order,1,2,0,0,0,9,0
Image_912_resized.txt,Image_912_resized.jpg,paper_order,1,4,0,0,0,4,0
Image_913_resized.txt,Image_913_resized.jpg,paper_order,1,32,0,3,0,2,0
Image_914_resized.txt,Image_914_resized.jpg,paper_order,1,4,0,0,0,2,0
Image_915_resized.txt,Image_915_resized.jpg,paper_order,1,17,0,0,0,4,0
Image_916_resized.txt,Image_916_resized.jpg,paper_order,1,13,0,0,0,10,0
Image_917_resized.txt,Image_917_resized.jpg,paper_order,1,4,0,0,1,9,0
Image_918_resized.txt,Image_918_resized.jpg,paper_order,1,2,0,0,10,8,0
Image_919_resized.txt,Image_919_resized.jpg,paper_order,1,18,0,0,1,19,0
Image_91_resized.txt,Image_91_resized.jpg,paper_order,1,2,1,9,6,20,0
Image_920_resized.txt,Image_920_resized.jpg,paper_order,1,15,0,0,3,11,0
Image_921_resized.txt,Image_921_resized.jpg,paper_order,1,3,0,0,0,3,0
Image_922_resized.txt,Image_922_resized.jpg,paper_order,1,9,0,0,0,3,0
Image_923_resized.txt,Image_923_resized.jpg,paper_order,1,0,0,2,0,9,0
Image_924_resized.txt,Image_924_resized.jpg,paper_order,1,97,0,0,0,16,0
Image_925_resized.txt,Image_925_resized.jpg,paper_order,1,79,0,0,0,9,0
Image_926_resized.txt,Image_926_resized.jpg,paper_order,1,5,0,0,0,23,0
Image_927_resized.txt,Image_927_resized.jpg,paper_order,1,38,0,1,0,24,0
Image_928_resized.txt,Image_928_resized.jpg,paper_order,1,30,0,1,0,7,0
Image_929_resized.txt,Image_929_resized.jpg,paper_order,1,26,0,5,0,14,0
Image_92_resized.txt,Image_92_resized.jpg,paper_order,1,5,0,5,4,0,0
Image_930_resized.txt,Image_930_resized.jpg,paper_order,1,27,0,3,0,14,0
Image_931_resized.txt,Image_931_resized.jpg,paper_order,1,23,0,2,0,28,0
Image_932_resized.txt,Image_932_resized.jpg,paper_order,1,8,0,0,0,3,0
Image_933_resized.txt,Image_933_resized.jpg,paper_order,1,24,0,0,0,6,0
Image_934_resized.txt,Image_934_resized.jpg,paper_order,1,6,0,1,0,9,0
Image_935_resized.txt,Image_935_resized.jpg,paper_order,1,7,0,1,0,16,0
Image_936_resized.txt,Image_936_resized.jpg,paper_order,1,64,4,1,0,22,0
Image_937_resized.txt,Image_937_resized.jpg,paper_order,1,38,0,0,0,19,0
Image_938_resized.txt,Image_938_resized.jpg,paper_order,1,9,0,0,0,14,0
Image_939_resized.txt,Image_939_resized.jpg,paper_order,1,5,2,0,0,17,0
Image_93_resized.txt,Image_93_resized.jpg,paper_order,1,5,0,13,3,6,0
Image_940_resized.txt,Image_940_resized.jpg,paper_order,1,5,3,0,0,16,0
Image_941_resized.txt,Image_941_resized.jpg,paper_order,1,9,3,1,0,16,0
Image_942_resized.txt,Image_942_resized.jpg,paper_order,1,12,0,0,0,26,0
Image_943_resized.txt,Image_943_resized.jpg,paper_order,1,6,0,0,0,15,0
Image_944_resized.txt,Image_944_resized.jpg,paper_order,1,3,0,0,0,41,0
Image_945_resized.txt,Image_945_resized.jpg,tree_as_5,0,13,0,0,0,24,1
Image_946_resized.txt,Image_946_resized.jpg,paper_order,1,2,0,0,0,8,0
Image_947_resized.txt,Image_947_resized.jpg,tree_as_5,0,2,0,0,0,11,1
Image_948_resized.txt,Image_948_resized.jpg,paper_order,1,3,3,0,0,12,0
Image_949_resized.txt,Image_949_resized.jpg,paper_order,1,2,4,1,0,9,0
Image_94_resized.txt,Image_94_resized.jpg,paper_order,1,4,0,29,4,8,0
Image_950_resized.txt,Image_950_resized.jpg,paper_order,1,3,0,0,0,20,0
Image_951_resized.txt,Image_951_resized.jpg,paper_order,1,2,0,0,0,13,0
Image_952_resized.txt,Image_952_resized.jpg,paper_order,1,0,3,0,0,6,0
Image_953_resized.txt,Image_953_resized.jpg,paper_order,1,0,0,0,0,7,0
Image_954_resized.txt,Image_954_resized.jpg,paper_order,1,1,0,0,0,17,0
Image_955_resized.txt,Image_955_resized.jpg,paper_order,1,0,0,2,0,18,0
Image_956_resized.txt,Image_956_resized.jpg,paper_order,1,0,0,0,0,9,0
Image_957_resized.txt,Image_957_resized.jpg,paper_order,1,0,0,0,0,14,0
Image_958_resized.txt,Image_958_resized.jpg,paper_order,1,4,0,0,0,12,0
Image_959_resized.txt,Image_959_resized.jpg,paper_order,1,4,0,1,0,20,0
Image_95_resized.txt,Image_95_resized.jpg,paper_order,1,4,0,16,4,13,0
Image_960_resized.txt,Image_960_resized.jpg,paper_order,1,2,0,0,0,21,0
Image_961_resized.txt,Image_961_resized.jpg,paper_order,1,6,0,0,0,29,0
Image_962_resized.txt,Image_962_resized.jpg,paper_order,1,5,0,0,0,14,0
Image_963_resized.txt,Image_963_resized.jpg,paper_order,1,3,0,0,0,15,0
Image_964_resized.txt,Image_964_resized.jpg,paper_order,1,6,0,0,0,13,0
Image_965_resized.txt,Image_965_resized.jpg,paper_order,1,2,0,2,0,13,0
Image_966_resized.txt,Image_966_resized.jpg,paper_order,1,12,3,4,0,16,0
Image_967_resized.txt,Image_967_resized.jpg,tree_as_5,1,7,6,3,0,26,1
Image_968_resized.txt,Image_968_resized.jpg,paper_order,1,5,4,5,0,20,0
Image_969_resized.txt,Image_969_resized.jpg,paper_order,1,5,8,2,1,22,0
Image_96_resized.txt,Image_96_resized.jpg,paper_order,1,0,0,6,3,4,0
Image_970_resized.txt,Image_970_resized.jpg,paper_order,1,17,7,0,0,26,0
Image_971_resized.txt,Image_971_resized.jpg,paper_order,1,12,7,2,0,3,0
Image_972_resized.txt,Image_972_resized.jpg,paper_order,1,7,2,2,0,5,0
Image_973_resized.txt,Image_973_resized.jpg,paper_order,1,21,0,1,0,8,0
Image_974_resized.txt,Image_974_resized.jpg,paper_order,1,26,5,4,0,17,0
Image_975_resized.txt,Image_975_resized.jpg,paper_order,1,16,5,1,0,8,0
Image_976_resized.txt,Image_976_resized.jpg,paper_order,1,7,13,1,0,8,0
Image_977_resized.txt,Image_977_resized.jpg,paper_order,1,7,0,1,0,18,0
Image_978_resized.txt,Image_978_resized.jpg,paper_order,1,5,1,0,0,15,0
Image_979_resized.txt,Image_979_resized.jpg,paper_order,1,12,8,2,0,16,0
Image_97_resized.txt,Image_97_resized.jpg,paper_order,1,0,0,6,2,4,0
Image_980_resized.txt,Image_980_resized.jpg,paper_order,1,12,13,0,0,8,0
Image_981_resized.txt,Image_981_resized.jpg,paper_order,1,20,8,5,0,8,0
Image_982_resized.txt,Image_982_resized.jpg,paper_order,1,8,3,5,0,11,0
Image_983_resized.txt,Image_983_resized.jpg,paper_order,1,8,8,1,0,10,0
Image_984_resized.txt,Image_984_resized.jpg,paper_order,1,4,1,0,0,10,0
Image_985_resized.txt,Image_985_resized.jpg,paper_order,1,0,0,0,0,5,0
Image_986_resized.txt,Image_986_resized.jpg,paper_order,1,14,5,0,0,0,0
Image_987_resized.txt,Image_987_resized.jpg,paper_order,1,13,3,0,0,10,0
Image_988_resized.txt,Image_988_resized.jpg,paper_order,1,15,6,0,0,2,0
Image_989_resized.txt,Image_989_resized.jpg,paper_order,1,6,6,0,0,4,0
Image_98_resized.txt,Image_98_resized.jpg,paper_order,1,1,0,7,15,8,0
Image_990_resized.txt,Image_990_resized.jpg,paper_order,1,10,5,0,0,1,0
Image_991_resized.txt,Image_991_resized.jpg,paper_order,1,9,0,0,0,3,0
Image_992_resized.txt,Image_992_resized.jpg,paper_order,1,5,8,0,0,5,0
Image_993_resized.txt,Image_993_resized.jpg,paper_order,1,4,2,0,0,2,0
Image_994_resized.txt,Image_994_resized.jpg,paper_order,1,4,0,0,0,5,0
Image_995_resized.txt,Image_995_resized.jpg,paper_order,1,3,4,2,0,1,0
Image_996_resized.txt,Image_996_resized.jpg,paper_order,1,3,1,0,0,1,0
Image_997_resized.txt,Image_997_resized.jpg,paper_order,1,11,0,2,0,8,0
Image_998_resized.txt,Image_998_resized.jpg,paper_order,1,11,3,0,0,2,0
Image_999_resized.txt,Image_999_resized.jpg,paper_order,1,0,2,0,0,4,0
Image_99_resized.txt,Image_99_resized.jpg,paper_order,1,2,0,4,22,2,0
Image_9_resized.txt,Image_9_resized.jpg,paper_order,1,8,0,47,17,34,0
